dateTime,value
2023-07-01 00:00:00, 
2023-07-01 00:00:00, 3.059
2023-07-01 00:15:00, 3.068
2023-07-01 00:30:00, 3.0660000000000003
2023-07-01 00:45:00, 3.0620000000000003
2023-07-01 01:00:00, 3.0580000000000003
2023-07-01 01:15:00, 3.047
2023-07-01 01:30:00, 3.0330000000000004
2023-07-01 01:45:00, 3.0250000000000004
2023-07-01 02:00:00, 3.011
2023-07-01 02:15:00, 3.0010000000000003
2023-07-01 02:30:00, 2.988
2023-07-01 02:45:00, 2.971
2023-07-01 03:00:00, 2.952
2023-07-01 03:15:00, 2.9410000000000003
2023-07-01 03:30:00, 2.926
2023-07-01 03:45:00, 2.912
2023-07-01 04:00:00, 2.899
2023-07-01 04:15:00, 2.878
2023-07-01 04:30:00, 2.861
2023-07-01 04:45:00, 2.846
2023-07-01 05:00:00, 2.8240000000000003
2023-07-01 05:15:00, 2.8120000000000003
2023-07-01 05:30:00, 2.7920000000000003
2023-07-01 05:45:00, 2.774
2023-07-01 06:00:00, 2.758
2023-07-01 06:15:00, 2.741
2023-07-01 06:30:00, 2.718
2023-07-01 06:45:00, 2.7070000000000003
2023-07-01 07:00:00, 2.689
2023-07-01 07:15:00, 2.67
2023-07-01 07:30:00, 2.6590000000000003
2023-07-01 07:45:00, 2.65
2023-07-01 08:00:00, 2.641
2023-07-01 08:15:00, 2.64
2023-07-01 08:30:00, 2.6510000000000002
2023-07-01 08:45:00, 2.677
2023-07-01 09:00:00, 2.708
2023-07-01 09:15:00, 2.7670000000000003
2023-07-01 09:30:00, 2.834
2023-07-01 09:45:00, 2.9130000000000003
2023-07-01 10:00:00, 2.9730000000000003
2023-07-01 10:15:00, 3.032
2023-07-01 10:30:00, 3.08
2023-07-01 10:45:00, 3.1340000000000003
2023-07-01 11:00:00, 3.176
2023-07-01 11:15:00, 3.213
2023-07-01 11:30:00, 3.238
2023-07-01 11:45:00, 3.257
2023-07-01 12:00:00, 3.278
2023-07-01 12:15:00, 3.289
2023-07-01 12:30:00, 3.297
2023-07-01 12:45:00, 3.306
2023-07-01 13:00:00, 3.302
2023-07-01 13:15:00, 3.3000000000000003
2023-07-01 13:30:00, 3.2880000000000003
2023-07-01 13:45:00, 3.2710000000000004
2023-07-01 14:00:00, 3.2600000000000002
2023-07-01 14:15:00, 3.2430000000000003
2023-07-01 14:30:00, 3.222
2023-07-01 14:45:00, 3.192
2023-07-01 15:00:00, 3.18
2023-07-01 15:15:00, 3.152
2023-07-01 15:30:00, 3.141
2023-07-01 15:45:00, 3.124
2023-07-01 16:00:00, 3.1020000000000003
2023-07-01 16:15:00, 3.092
2023-07-01 16:30:00, 3.075
2023-07-01 16:45:00, 3.056
2023-07-01 17:00:00, 3.0340000000000003
2023-07-01 17:15:00, 3.0210000000000004
2023-07-01 17:30:00, 3.0010000000000003
2023-07-01 17:45:00, 2.975
2023-07-01 18:00:00, 2.963
2023-07-01 18:15:00, 2.9450000000000003
2023-07-01 18:30:00, 2.9250000000000003
2023-07-01 18:45:00, 2.903
2023-07-01 19:00:00, 2.883
2023-07-01 19:15:00, 2.861
2023-07-01 19:30:00, 2.843
2023-07-01 19:45:00, 2.819
2023-07-01 20:00:00, 2.802
2023-07-01 20:15:00, 2.782
2023-07-01 20:30:00, 2.7680000000000002
2023-07-01 20:45:00, 2.7560000000000002
2023-07-01 21:00:00, 2.748
2023-07-01 21:15:00, 2.744
2023-07-01 21:30:00, 2.7470000000000003
2023-07-01 21:45:00, 2.7560000000000002
2023-07-01 22:00:00, 2.774
2023-07-01 22:15:00, 2.807
2023-07-01 22:30:00, 2.84
2023-07-01 22:45:00, 2.886
2023-07-01 23:00:00, 2.924
2023-07-01 23:15:00, 2.964
2023-07-01 23:30:00, 3
2023-07-01 23:45:00, 3.0300000000000002
2023-07-02 00:00:00, 3.059
2023-07-02 00:15:00, 3.081
2023-07-02 00:30:00, 3.1
2023-07-02 00:45:00, 3.112
2023-07-02 01:00:00, 3.117
2023-07-02 01:15:00, 3.121
2023-07-02 01:30:00, 3.1180000000000003
2023-07-02 01:45:00, 3.112
2023-07-02 02:00:00, 3.1060000000000003
2023-07-02 02:15:00, 3.1
2023-07-02 02:30:00, 3.0860000000000003
2023-07-02 02:45:00, 3.069
2023-07-02 03:00:00, 3.0540000000000003
2023-07-02 03:15:00, 3.036
2023-07-02 03:30:00, 3.027
2023-07-02 03:45:00, 3.0060000000000002
2023-07-02 04:00:00, 2.9930000000000003
2023-07-02 04:15:00, 2.978
2023-07-02 04:30:00, 2.959
2023-07-02 04:45:00, 2.943
2023-07-02 05:00:00, 2.9290000000000003
2023-07-02 05:15:00, 2.91
2023-07-02 05:30:00, 2.8970000000000002
2023-07-02 05:45:00, 2.871
2023-07-02 06:00:00, 2.8560000000000003
2023-07-02 06:15:00, 2.847
2023-07-02 06:30:00, 2.822
2023-07-02 06:45:00, 2.802
2023-07-02 07:00:00, 2.783
2023-07-02 07:15:00, 2.765
2023-07-02 07:30:00, 2.742
2023-07-02 07:45:00, 2.7310000000000003
2023-07-02 08:00:00, 2.71
2023-07-02 08:15:00, 2.6950000000000003
2023-07-02 08:30:00, 2.682
2023-07-02 08:45:00, 2.668
2023-07-02 09:00:00, 2.6590000000000003
2023-07-02 09:15:00, 2.6750000000000003
2023-07-02 09:30:00, 2.7
2023-07-02 09:45:00, 2.7520000000000002
2023-07-02 10:00:00, 2.818
2023-07-02 10:15:00, 2.882
2023-07-02 10:30:00, 2.958
2023-07-02 10:45:00, 3.012
2023-07-02 11:00:00, 3.071
2023-07-02 11:15:00, 3.119
2023-07-02 11:30:00, 3.1670000000000003
2023-07-02 11:45:00, 3.218
2023-07-02 12:00:00, 3.257
2023-07-02 12:15:00, 3.29
2023-07-02 12:30:00, 3.317
2023-07-02 12:45:00, 3.337
2023-07-02 13:00:00, 3.346
2023-07-02 13:15:00, 3.357
2023-07-02 13:30:00, 3.357
2023-07-02 13:45:00, 3.354
2023-07-02 14:00:00, 3.3520000000000003
2023-07-02 14:15:00, 3.343
2023-07-02 14:30:00, 3.325
2023-07-02 14:45:00, 3.305
2023-07-02 15:00:00, 3.2840000000000003
2023-07-02 15:15:00, 3.2640000000000002
2023-07-02 15:30:00, 3.2390000000000003
2023-07-02 15:45:00, 3.2230000000000003
2023-07-02 16:00:00, 3.209
2023-07-02 16:15:00, 3.188
2023-07-02 16:30:00, 3.169
2023-07-02 16:45:00, 3.152
2023-07-02 17:00:00, 3.1340000000000003
2023-07-02 17:15:00, 3.113
2023-07-02 17:30:00, 3.0860000000000003
2023-07-02 17:45:00, 3.0660000000000003
2023-07-02 18:00:00, 3.049
2023-07-02 18:15:00, 3.032
2023-07-02 18:30:00, 3.0100000000000002
2023-07-02 18:45:00, 2.987
2023-07-02 19:00:00, 2.971
2023-07-02 19:15:00, 2.95
2023-07-02 19:30:00, 2.9290000000000003
2023-07-02 19:45:00, 2.911
2023-07-02 20:00:00, 2.89
2023-07-02 20:15:00, 2.8680000000000003
2023-07-02 20:30:00, 2.85
2023-07-02 20:45:00, 2.8280000000000003
2023-07-02 21:00:00, 2.815
2023-07-02 21:15:00, 2.798
2023-07-02 21:30:00, 2.787
2023-07-02 21:45:00, 2.777
2023-07-02 22:00:00, 2.779
2023-07-02 22:15:00, 2.783
2023-07-02 22:30:00, 2.798
2023-07-02 22:45:00, 2.825
2023-07-02 23:00:00, 2.866
2023-07-02 23:15:00, 2.908
2023-07-02 23:30:00, 2.955
2023-07-02 23:45:00, 2.999
2023-07-03 00:00:00, 3.0340000000000003
2023-07-03 00:15:00, 3.077
2023-07-03 00:30:00, 3.117
2023-07-03 00:45:00, 3.1430000000000002
2023-07-03 01:00:00, 3.1580000000000004
2023-07-03 01:15:00, 3.18
2023-07-03 01:30:00, 3.193
2023-07-03 01:45:00, 3.198
2023-07-03 02:00:00, 3.201
2023-07-03 02:15:00, 3.197
2023-07-03 02:30:00, 3.194
2023-07-03 02:45:00, 3.1910000000000003
2023-07-03 03:00:00, 3.178
2023-07-03 03:15:00, 3.164
2023-07-03 03:30:00, 3.1470000000000002
2023-07-03 03:45:00, 3.1350000000000002
2023-07-03 04:00:00, 3.107
2023-07-03 04:15:00, 3.092
2023-07-03 04:30:00, 3.076
2023-07-03 04:45:00, 3.065
2023-07-03 05:00:00, 3.045
2023-07-03 05:15:00, 3.032
2023-07-03 05:30:00, 3.016
2023-07-03 05:45:00, 2.999
2023-07-03 06:00:00, 2.979
2023-07-03 06:15:00, 2.9610000000000003
2023-07-03 06:30:00, 2.946
2023-07-03 06:45:00, 2.924
2023-07-03 07:00:00, 2.9050000000000002
2023-07-03 07:15:00, 2.886
2023-07-03 07:30:00, 2.863
2023-07-03 07:45:00, 2.846
2023-07-03 08:00:00, 2.827
2023-07-03 08:15:00, 2.8080000000000003
2023-07-03 08:30:00, 2.7840000000000003
2023-07-03 08:45:00, 2.775
2023-07-03 09:00:00, 2.7560000000000002
2023-07-03 09:15:00, 2.737
2023-07-03 09:30:00, 2.7270000000000003
2023-07-03 09:45:00, 2.72
2023-07-03 10:00:00, 2.736
2023-07-03 10:15:00, 2.774
2023-07-03 10:30:00, 2.83
2023-07-03 10:45:00, 2.9
2023-07-03 11:00:00, 2.971
2023-07-03 11:15:00, 3.0370000000000004
2023-07-03 11:30:00, 3.093
2023-07-03 11:45:00, 3.156
2023-07-03 12:00:00, 3.206
2023-07-03 12:15:00, 3.2520000000000002
2023-07-03 12:30:00, 3.305
2023-07-03 12:45:00, 3.343
2023-07-03 13:00:00, 3.3760000000000003
2023-07-03 13:15:00, 3.4120000000000004
2023-07-03 13:30:00, 3.4320000000000004
2023-07-03 13:45:00, 3.448
2023-07-03 14:00:00, 3.4610000000000003
2023-07-03 14:15:00, 3.463
2023-07-03 14:30:00, 3.456
2023-07-03 14:45:00, 3.4450000000000003
2023-07-03 15:00:00, 3.4240000000000004
2023-07-03 15:15:00, 3.4080000000000004
2023-07-03 15:30:00, 3.3920000000000003
2023-07-03 15:45:00, 3.379
2023-07-03 16:00:00, 3.346
2023-07-03 16:15:00, 3.325
2023-07-03 16:30:00, 3.3030000000000004
2023-07-03 16:45:00, 3.274
2023-07-03 17:00:00, 3.254
2023-07-03 17:15:00, 3.2350000000000003
2023-07-03 17:30:00, 3.2190000000000003
2023-07-03 17:45:00, 3.198
2023-07-03 18:00:00, 3.1830000000000003
2023-07-03 18:15:00, 3.1670000000000003
2023-07-03 18:30:00, 3.145
2023-07-03 18:45:00, 3.125
2023-07-03 19:00:00, 3.11
2023-07-03 19:15:00, 3.0820000000000003
2023-07-03 19:30:00, 3.064
2023-07-03 19:45:00, 3.047
2023-07-03 20:00:00, 3.02
2023-07-03 20:15:00, 3.0060000000000002
2023-07-03 20:30:00, 2.983
2023-07-03 20:45:00, 2.966
2023-07-03 21:00:00, 2.947
2023-07-03 21:15:00, 2.928
2023-07-03 21:30:00, 2.903
2023-07-03 21:45:00, 2.894
2023-07-03 22:00:00, 2.867
2023-07-03 22:15:00, 2.854
2023-07-03 22:30:00, 2.845
2023-07-03 22:45:00, 2.838
2023-07-03 23:00:00, 2.842
2023-07-03 23:15:00, 2.8640000000000003
2023-07-03 23:30:00, 2.906
2023-07-03 23:45:00, 2.954
2023-07-04 00:00:00, 3.008
2023-07-04 00:15:00, 3.052
2023-07-04 00:30:00, 3.103
2023-07-04 00:45:00, 3.145
2023-07-04 01:00:00, 3.185
2023-07-04 01:15:00, 3.2190000000000003
2023-07-04 01:30:00, 3.248
2023-07-04 01:45:00, 3.2760000000000002
2023-07-04 02:00:00, 3.2950000000000004
2023-07-04 02:15:00, 3.306
2023-07-04 02:30:00, 3.311
2023-07-04 02:45:00, 3.314
2023-07-04 03:00:00, 3.3080000000000003
2023-07-04 03:15:00, 3.301
2023-07-04 03:30:00, 3.2920000000000003
2023-07-04 03:45:00, 3.281
2023-07-04 04:00:00, 3.2630000000000003
2023-07-04 04:15:00, 3.2430000000000003
2023-07-04 04:30:00, 3.2230000000000003
2023-07-04 04:45:00, 3.202
2023-07-04 05:00:00, 3.19
2023-07-04 05:15:00, 3.1750000000000003
2023-07-04 05:30:00, 3.153
2023-07-04 05:45:00, 3.14
2023-07-04 06:00:00, 3.12
2023-07-04 06:15:00, 3.103
2023-07-04 06:30:00, 3.0860000000000003
2023-07-04 06:45:00, 3.061
2023-07-04 07:00:00, 3.041
2023-07-04 07:15:00, 3.02
2023-07-04 07:30:00, 3.0100000000000002
2023-07-04 07:45:00, 2.9930000000000003
2023-07-04 08:00:00, 2.963
2023-07-04 08:15:00, 2.9490000000000003
2023-07-04 08:30:00, 2.922
2023-07-04 08:45:00, 2.9050000000000002
2023-07-04 09:00:00, 2.8840000000000003
2023-07-04 09:15:00, 2.8680000000000003
2023-07-04 09:30:00, 2.85
2023-07-04 09:45:00, 2.835
2023-07-04 10:00:00, 2.815
2023-07-04 10:15:00, 2.8040000000000003
2023-07-04 10:30:00, 2.8080000000000003
2023-07-04 10:45:00, 2.837
2023-07-04 11:00:00, 2.8840000000000003
2023-07-04 11:15:00, 2.954
2023-07-04 11:30:00, 3.015
2023-07-04 11:45:00, 3.096
2023-07-04 12:00:00, 3.15
2023-07-04 12:15:00, 3.2070000000000003
2023-07-04 12:30:00, 3.2670000000000003
2023-07-04 12:45:00, 3.31
2023-07-04 13:00:00, 3.3640000000000003
2023-07-04 13:15:00, 3.4090000000000003
2023-07-04 13:30:00, 3.446
2023-07-04 13:45:00, 3.488
2023-07-04 14:00:00, 3.5090000000000003
2023-07-04 14:15:00, 3.528
2023-07-04 14:30:00, 3.551
2023-07-04 14:45:00, 3.559
2023-07-04 15:00:00, 3.567
2023-07-04 15:15:00, 3.56
2023-07-04 15:30:00, 3.559
2023-07-04 15:45:00, 3.544
2023-07-04 16:00:00, 3.5250000000000004
2023-07-04 16:15:00, 3.504
2023-07-04 16:30:00, 3.48
2023-07-04 16:45:00, 3.443
2023-07-04 17:00:00, 3.4210000000000003
2023-07-04 17:15:00, 3.39
2023-07-04 17:30:00, 3.3640000000000003
2023-07-04 17:45:00, 3.345
2023-07-04 18:00:00, 3.33
2023-07-04 18:15:00, 3.309
2023-07-04 18:30:00, 3.2950000000000004
2023-07-04 18:45:00, 3.274
2023-07-04 19:00:00, 3.257
2023-07-04 19:15:00, 3.232
2023-07-04 19:30:00, 3.2110000000000003
2023-07-04 19:45:00, 3.196
2023-07-04 20:00:00, 3.1710000000000003
2023-07-04 20:15:00, 3.1510000000000002
2023-07-04 20:30:00, 3.14
2023-07-04 20:45:00, 3.12
2023-07-04 21:00:00, 3.099
2023-07-04 21:15:00, 3.079
2023-07-04 21:30:00, 3.06
2023-07-04 21:45:00, 3.04
2023-07-04 22:00:00, 3.0220000000000002
2023-07-04 22:15:00, 2.991
2023-07-04 22:30:00, 2.975
2023-07-04 22:45:00, 2.959
2023-07-04 23:00:00, 2.9410000000000003
2023-07-04 23:15:00, 2.9370000000000003
2023-07-04 23:30:00, 2.942
2023-07-04 23:45:00, 2.96
2023-07-05 00:00:00, 2.995
2023-07-05 00:15:00, 3.051
2023-07-05 00:30:00, 3.1140000000000003
2023-07-05 00:45:00, 3.164
2023-07-05 01:00:00, 3.206
2023-07-05 01:15:00, 3.254
2023-07-05 01:30:00, 3.2960000000000003
2023-07-05 01:45:00, 3.334
2023-07-05 02:00:00, 3.374
2023-07-05 02:15:00, 3.399
2023-07-05 02:30:00, 3.4120000000000004
2023-07-05 02:45:00, 3.43
2023-07-05 03:00:00, 3.443
2023-07-05 03:15:00, 3.456
2023-07-05 03:30:00, 3.456
2023-07-05 03:45:00, 3.4530000000000003
2023-07-05 04:00:00, 3.4410000000000003
2023-07-05 04:15:00, 3.427
2023-07-05 04:30:00, 3.4130000000000003
2023-07-05 04:45:00, 3.398
2023-07-05 05:00:00, 3.373
2023-07-05 05:15:00, 3.347
2023-07-05 05:30:00, 3.329
2023-07-05 05:45:00, 3.307
2023-07-05 06:00:00, 3.2910000000000004
2023-07-05 06:15:00, 3.2710000000000004
2023-07-05 06:30:00, 3.2550000000000003
2023-07-05 06:45:00, 3.236
2023-07-05 07:00:00, 3.2190000000000003
2023-07-05 07:15:00, 3.2
2023-07-05 07:30:00, 3.18
2023-07-05 07:45:00, 3.168
2023-07-05 08:00:00, 3.1460000000000004
2023-07-05 08:15:00, 3.124
2023-07-05 08:30:00, 3.111
2023-07-05 08:45:00, 3.0940000000000003
2023-07-05 09:00:00, 3.0740000000000003
2023-07-05 09:15:00, 3.055
2023-07-05 09:30:00, 3.0300000000000002
2023-07-05 09:45:00, 3.012
2023-07-05 10:00:00, 2.998
2023-07-05 10:15:00, 2.975
2023-07-05 10:30:00, 2.967
2023-07-05 10:45:00, 2.958
2023-07-05 11:00:00, 2.956
2023-07-05 11:15:00, 2.976
2023-07-05 11:30:00, 3.023
2023-07-05 11:45:00, 3.103
2023-07-05 12:00:00, 3.18
2023-07-05 12:15:00, 3.242
2023-07-05 12:30:00, 3.3040000000000003
2023-07-05 12:45:00, 3.37
2023-07-05 13:00:00, 3.426
2023-07-05 13:15:00, 3.486
2023-07-05 13:30:00, 3.531
2023-07-05 13:45:00, 3.589
2023-07-05 14:00:00, 3.629
2023-07-05 14:15:00, 3.6710000000000003
2023-07-05 14:30:00, 3.713
2023-07-05 14:45:00, 3.748
2023-07-05 15:00:00, 3.77
2023-07-05 15:15:00, 3.79
2023-07-05 15:30:00, 3.798
2023-07-05 15:45:00, 3.7990000000000004
2023-07-05 16:00:00, 3.801
2023-07-05 16:15:00, 3.7880000000000003
2023-07-05 16:30:00, 3.77
2023-07-05 16:45:00, 3.7510000000000003
2023-07-05 17:00:00, 3.732
2023-07-05 17:15:00, 3.7070000000000003
2023-07-05 17:30:00, 3.681
2023-07-05 17:45:00, 3.645
2023-07-05 18:00:00, 3.617
2023-07-05 18:15:00, 3.595
2023-07-05 18:30:00, 3.5650000000000004
2023-07-05 18:45:00, 3.5410000000000004
2023-07-05 19:00:00, 3.519
2023-07-05 19:15:00, 3.504
2023-07-05 19:30:00, 3.4850000000000003
2023-07-05 19:45:00, 3.4650000000000003
2023-07-05 20:00:00, 3.446
2023-07-05 20:15:00, 3.423
2023-07-05 20:30:00, 3.402
2023-07-05 20:45:00, 3.3810000000000002
2023-07-05 21:00:00, 3.3640000000000003
2023-07-05 21:15:00, 3.342
2023-07-05 21:30:00, 3.3200000000000003
2023-07-05 21:45:00, 3.305
2023-07-05 22:00:00, 3.2880000000000003
2023-07-05 22:15:00, 3.2670000000000003
2023-07-05 22:30:00, 3.25
2023-07-05 22:45:00, 3.232
2023-07-05 23:00:00, 3.212
2023-07-05 23:15:00, 3.194
2023-07-05 23:30:00, 3.181
2023-07-05 23:45:00, 3.1670000000000003
2023-07-06 00:00:00, 3.1710000000000003
2023-07-06 00:15:00, 3.1950000000000003
2023-07-06 00:30:00, 3.23
2023-07-06 00:45:00, 3.282
2023-07-06 01:00:00, 3.343
2023-07-06 01:15:00, 3.3930000000000002
2023-07-06 01:30:00, 3.435
2023-07-06 01:45:00, 3.48
2023-07-06 02:00:00, 3.5180000000000002
2023-07-06 02:15:00, 3.552
2023-07-06 02:30:00, 3.587
2023-07-06 02:45:00, 3.6260000000000003
2023-07-06 03:00:00, 3.648
2023-07-06 03:15:00, 3.672
2023-07-06 03:30:00, 3.689
2023-07-06 03:45:00, 3.696
2023-07-06 04:00:00, 3.705
2023-07-06 04:15:00, 3.702
2023-07-06 04:30:00, 3.6980000000000004
2023-07-06 04:45:00, 3.6910000000000003
2023-07-06 05:00:00, 3.6750000000000003
2023-07-06 05:15:00, 3.6620000000000004
2023-07-06 05:30:00, 3.6420000000000003
2023-07-06 05:45:00, 3.62
2023-07-06 06:00:00, 3.593
2023-07-06 06:15:00, 3.573
2023-07-06 06:30:00, 3.5570000000000004
2023-07-06 06:45:00, 3.535
2023-07-06 07:00:00, 3.5180000000000002
2023-07-06 07:15:00, 3.5130000000000003
2023-07-06 07:30:00, 3.494
2023-07-06 07:45:00, 3.474
2023-07-06 08:00:00, 3.459
2023-07-06 08:15:00, 3.446
2023-07-06 08:30:00, 3.4330000000000003
2023-07-06 08:45:00, 3.414
2023-07-06 09:00:00, 3.399
2023-07-06 09:15:00, 3.3810000000000002
2023-07-06 09:30:00, 3.367
2023-07-06 09:45:00, 3.346
2023-07-06 10:00:00, 3.327
2023-07-06 10:15:00, 3.31
2023-07-06 10:30:00, 3.2950000000000004
2023-07-06 10:45:00, 3.269
2023-07-06 11:00:00, 3.245
2023-07-06 11:15:00, 3.238
2023-07-06 11:30:00, 3.222
2023-07-06 11:45:00, 3.218
2023-07-06 12:00:00, 3.2350000000000003
2023-07-06 12:15:00, 3.2670000000000003
2023-07-06 12:30:00, 3.325
2023-07-06 12:45:00, 3.3930000000000002
2023-07-06 13:00:00, 3.459
2023-07-06 13:15:00, 3.5100000000000002
2023-07-06 13:30:00, 3.563
2023-07-06 13:45:00, 3.617
2023-07-06 14:00:00, 3.668
2023-07-06 14:15:00, 3.71
2023-07-06 14:30:00, 3.7550000000000003
2023-07-06 14:45:00, 3.798
2023-07-06 15:00:00, 3.839
2023-07-06 15:15:00, 3.869
2023-07-06 15:30:00, 3.898
2023-07-06 15:45:00, 3.9210000000000003
2023-07-06 16:00:00, 3.9330000000000003
2023-07-06 16:15:00, 3.946
2023-07-06 16:30:00, 3.946
2023-07-06 16:45:00, 3.943
2023-07-06 17:00:00, 3.931
2023-07-06 17:15:00, 3.915
2023-07-06 17:30:00, 3.895
2023-07-06 17:45:00, 3.8720000000000003
2023-07-06 18:00:00, 3.847
2023-07-06 18:15:00, 3.8190000000000004
2023-07-06 18:30:00, 3.793
2023-07-06 18:45:00, 3.765
2023-07-06 19:00:00, 3.738
2023-07-06 19:15:00, 3.72
2023-07-06 19:30:00, 3.697
2023-07-06 19:45:00, 3.684
2023-07-06 20:00:00, 3.66
2023-07-06 20:15:00, 3.641
2023-07-06 20:30:00, 3.6220000000000003
2023-07-06 20:45:00, 3.607
2023-07-06 21:00:00, 3.584
2023-07-06 21:15:00, 3.567
2023-07-06 21:30:00, 3.547
2023-07-06 21:45:00, 3.5340000000000003
2023-07-06 22:00:00, 3.524
2023-07-06 22:15:00, 3.5020000000000002
2023-07-06 22:30:00, 3.482
2023-07-06 22:45:00, 3.464
2023-07-06 23:00:00, 3.435
2023-07-06 23:15:00, 3.419
2023-07-06 23:30:00, 3.3960000000000004
2023-07-06 23:45:00, 3.379
2023-07-07 00:00:00, 3.359
2023-07-07 00:15:00, 3.339
2023-07-07 00:30:00, 3.331
2023-07-07 00:45:00, 3.3200000000000003
2023-07-07 01:00:00, 3.3280000000000003
2023-07-07 01:15:00, 3.35
2023-07-07 01:30:00, 3.386
2023-07-07 01:45:00, 3.436
2023-07-07 02:00:00, 3.488
2023-07-07 02:15:00, 3.532
2023-07-07 02:30:00, 3.571
2023-07-07 02:45:00, 3.6220000000000003
2023-07-07 03:00:00, 3.6550000000000002
2023-07-07 03:15:00, 3.693
2023-07-07 03:30:00, 3.721
2023-07-07 03:45:00, 3.7590000000000003
2023-07-07 04:00:00, 3.7750000000000004
2023-07-07 04:15:00, 3.798
2023-07-07 04:30:00, 3.8080000000000003
2023-07-07 04:45:00, 3.8150000000000004
2023-07-07 05:00:00, 3.8110000000000004
2023-07-07 05:15:00, 3.809
2023-07-07 05:30:00, 3.8040000000000003
2023-07-07 05:45:00, 3.7910000000000004
2023-07-07 06:00:00, 3.7790000000000004
2023-07-07 06:15:00, 3.7630000000000003
2023-07-07 06:30:00, 3.754
2023-07-07 06:45:00, 3.72
2023-07-07 07:00:00, 3.69
2023-07-07 07:15:00, 3.673
2023-07-07 07:30:00, 3.6510000000000002
2023-07-07 07:45:00, 3.629
2023-07-07 08:00:00, 3.613
2023-07-07 08:15:00, 3.596
2023-07-07 08:30:00, 3.581
2023-07-07 08:45:00, 3.555
2023-07-07 09:00:00, 3.54
2023-07-07 09:15:00, 3.523
2023-07-07 09:30:00, 3.5010000000000003
2023-07-07 09:45:00, 3.4850000000000003
2023-07-07 10:00:00, 3.4690000000000003
2023-07-07 10:15:00, 3.439
2023-07-07 10:30:00, 3.431
2023-07-07 10:45:00, 3.414
2023-07-07 11:00:00, 3.3970000000000002
2023-07-07 11:15:00, 3.378
2023-07-07 11:30:00, 3.361
2023-07-07 11:45:00, 3.339
2023-07-07 12:00:00, 3.326
2023-07-07 12:15:00, 3.31
2023-07-07 12:30:00, 3.298
2023-07-07 12:45:00, 3.294
2023-07-07 13:00:00, 3.317
2023-07-07 13:15:00, 3.351
2023-07-07 13:30:00, 3.403
2023-07-07 13:45:00, 3.4610000000000003
2023-07-07 14:00:00, 3.524
2023-07-07 14:15:00, 3.572
2023-07-07 14:30:00, 3.625
2023-07-07 14:45:00, 3.6710000000000003
2023-07-07 15:00:00, 3.722
2023-07-07 15:15:00, 3.7640000000000002
2023-07-07 15:30:00, 3.8030000000000004
2023-07-07 15:45:00, 3.841
2023-07-07 16:00:00, 3.8720000000000003
2023-07-07 16:15:00, 3.899
2023-07-07 16:30:00, 3.92
2023-07-07 16:45:00, 3.939
2023-07-07 17:00:00, 3.9490000000000003
2023-07-07 17:15:00, 3.9520000000000004
2023-07-07 17:30:00, 3.954
2023-07-07 17:45:00, 3.9450000000000003
2023-07-07 18:00:00, 3.931
2023-07-07 18:15:00, 3.911
2023-07-07 18:30:00, 3.894
2023-07-07 18:45:00, 3.879
2023-07-07 19:00:00, 3.8440000000000003
2023-07-07 19:15:00, 3.8160000000000003
2023-07-07 19:30:00, 3.7950000000000004
2023-07-07 19:45:00, 3.77
2023-07-07 20:00:00, 3.745
2023-07-07 20:15:00, 3.7310000000000003
2023-07-07 20:30:00, 3.71
2023-07-07 20:45:00, 3.688
2023-07-07 21:00:00, 3.669
2023-07-07 21:15:00, 3.648
2023-07-07 21:30:00, 3.63
2023-07-07 21:45:00, 3.611
2023-07-07 22:00:00, 3.592
2023-07-07 22:15:00, 3.5700000000000003
2023-07-07 22:30:00, 3.552
2023-07-07 22:45:00, 3.5290000000000004
2023-07-07 23:00:00, 3.5060000000000002
2023-07-07 23:15:00, 3.486
2023-07-07 23:30:00, 3.4650000000000003
2023-07-07 23:45:00, 3.452
2023-07-08 00:00:00, 3.423
2023-07-08 00:15:00, 3.4080000000000004
2023-07-08 00:30:00, 3.3880000000000003
2023-07-08 00:45:00, 3.366
2023-07-08 01:00:00, 3.345
2023-07-08 01:15:00, 3.326
2023-07-08 01:30:00, 3.315
2023-07-08 01:45:00, 3.31
2023-07-08 02:00:00, 3.315
2023-07-08 02:15:00, 3.3280000000000003
2023-07-08 02:30:00, 3.359
2023-07-08 02:45:00, 3.398
2023-07-08 03:00:00, 3.4410000000000003
2023-07-08 03:15:00, 3.491
2023-07-08 03:30:00, 3.528
2023-07-08 03:45:00, 3.567
2023-07-08 04:00:00, 3.6020000000000003
2023-07-08 04:15:00, 3.637
2023-07-08 04:30:00, 3.668
2023-07-08 04:45:00, 3.688
2023-07-08 05:00:00, 3.712
2023-07-08 05:15:00, 3.729
2023-07-08 05:30:00, 3.74
2023-07-08 05:45:00, 3.7390000000000003
2023-07-08 06:00:00, 3.745
2023-07-08 06:15:00, 3.736
2023-07-08 06:30:00, 3.7350000000000003
2023-07-08 06:45:00, 3.728
2023-07-08 07:00:00, 3.708
2023-07-08 07:15:00, 3.696
2023-07-08 07:30:00, 3.6740000000000004
2023-07-08 07:45:00, 3.652
2023-07-08 08:00:00, 3.6340000000000003
2023-07-08 08:15:00, 3.616
2023-07-08 08:30:00, 3.587
2023-07-08 08:45:00, 3.581
2023-07-08 09:00:00, 3.563
2023-07-08 09:15:00, 3.5450000000000004
2023-07-08 09:30:00, 3.5250000000000004
2023-07-08 09:45:00, 3.515
2023-07-08 10:00:00, 3.4970000000000003
2023-07-08 10:15:00, 3.482
2023-07-08 10:30:00, 3.466
2023-07-08 10:45:00, 3.446
2023-07-08 11:00:00, 3.4210000000000003
2023-07-08 11:15:00, 3.411
2023-07-08 11:30:00, 3.39
2023-07-08 11:45:00, 3.374
2023-07-08 12:00:00, 3.358
2023-07-08 12:15:00, 3.3440000000000003
2023-07-08 12:30:00, 3.3240000000000003
2023-07-08 12:45:00, 3.307
2023-07-08 13:00:00, 3.297
2023-07-08 13:15:00, 3.281
2023-07-08 13:30:00, 3.2760000000000002
2023-07-08 13:45:00, 3.2670000000000003
2023-07-08 14:00:00, 3.2830000000000004
2023-07-08 14:15:00, 3.315
2023-07-08 14:30:00, 3.367
2023-07-08 14:45:00, 3.4240000000000004
2023-07-08 15:00:00, 3.474
2023-07-08 15:15:00, 3.5250000000000004
2023-07-08 15:30:00, 3.576
2023-07-08 15:45:00, 3.6140000000000003
2023-07-08 16:00:00, 3.6630000000000003
2023-07-08 16:15:00, 3.6950000000000003
2023-07-08 16:30:00, 3.732
2023-07-08 16:45:00, 3.7630000000000003
2023-07-08 17:00:00, 3.79
2023-07-08 17:15:00, 3.8150000000000004
2023-07-08 17:30:00, 3.83
2023-07-08 17:45:00, 3.8440000000000003
2023-07-08 18:00:00, 3.847
2023-07-08 18:15:00, 3.85
2023-07-08 18:30:00, 3.843
2023-07-08 18:45:00, 3.83
2023-07-08 19:00:00, 3.8120000000000003
2023-07-08 19:15:00, 3.8040000000000003
2023-07-08 19:30:00, 3.7870000000000004
2023-07-08 19:45:00, 3.7550000000000003
2023-07-08 20:00:00, 3.732
2023-07-08 20:15:00, 3.708
2023-07-08 20:30:00, 3.69
2023-07-08 20:45:00, 3.6630000000000003
2023-07-08 21:00:00, 3.648
2023-07-08 21:15:00, 3.6340000000000003
2023-07-08 21:30:00, 3.6140000000000003
2023-07-08 21:45:00, 3.595
2023-07-08 22:00:00, 3.581
2023-07-08 22:15:00, 3.5620000000000003
2023-07-08 22:30:00, 3.5410000000000004
2023-07-08 22:45:00, 3.523
2023-07-08 23:00:00, 3.503
2023-07-08 23:15:00, 3.482
2023-07-08 23:30:00, 3.467
2023-07-08 23:45:00, 3.444
2023-07-09 00:00:00, 3.4210000000000003
2023-07-09 00:15:00, 3.402
2023-07-09 00:30:00, 3.3840000000000003
2023-07-09 00:45:00, 3.3680000000000003
2023-07-09 01:00:00, 3.3440000000000003
2023-07-09 01:15:00, 3.333
2023-07-09 01:30:00, 3.3120000000000003
2023-07-09 01:45:00, 3.294
2023-07-09 02:00:00, 3.277
2023-07-09 02:15:00, 3.269
2023-07-09 02:30:00, 3.2560000000000002
2023-07-09 02:45:00, 3.242
2023-07-09 03:00:00, 3.25
2023-07-09 03:15:00, 3.266
2023-07-09 03:30:00, 3.2910000000000004
2023-07-09 03:45:00, 3.327
2023-07-09 04:00:00, 3.365
2023-07-09 04:15:00, 3.415
2023-07-09 04:30:00, 3.446
2023-07-09 04:45:00, 3.491
2023-07-09 05:00:00, 3.5170000000000003
2023-07-09 05:15:00, 3.548
2023-07-09 05:30:00, 3.579
2023-07-09 05:45:00, 3.612
2023-07-09 06:00:00, 3.62
2023-07-09 06:15:00, 3.632
2023-07-09 06:30:00, 3.6430000000000002
2023-07-09 06:45:00, 3.644
2023-07-09 07:00:00, 3.64
2023-07-09 07:15:00, 3.641
2023-07-09 07:30:00, 3.624
2023-07-09 07:45:00, 3.619
2023-07-09 08:00:00, 3.604
2023-07-09 08:15:00, 3.587
2023-07-09 08:30:00, 3.576
2023-07-09 08:45:00, 3.556
2023-07-09 09:00:00, 3.548
2023-07-09 09:15:00, 3.531
2023-07-09 09:30:00, 3.5170000000000003
2023-07-09 09:45:00, 3.5
2023-07-09 10:00:00, 3.482
2023-07-09 10:15:00, 3.474
2023-07-09 10:30:00, 3.458
2023-07-09 10:45:00, 3.443
2023-07-09 11:00:00, 3.4170000000000003
2023-07-09 11:15:00, 3.4050000000000002
2023-07-09 11:30:00, 3.382
2023-07-09 11:45:00, 3.366
2023-07-09 12:00:00, 3.349
2023-07-09 12:15:00, 3.33
2023-07-09 12:30:00, 3.3120000000000003
2023-07-09 12:45:00, 3.294
2023-07-09 13:00:00, 3.274
2023-07-09 13:15:00, 3.257
2023-07-09 13:30:00, 3.24
2023-07-09 13:45:00, 3.224
2023-07-09 14:00:00, 3.214
2023-07-09 14:15:00, 3.198
2023-07-09 14:30:00, 3.184
2023-07-09 14:45:00, 3.1750000000000003
2023-07-09 15:00:00, 3.168
2023-07-09 15:15:00, 3.1750000000000003
2023-07-09 15:30:00, 3.193
2023-07-09 15:45:00, 3.2270000000000003
2023-07-09 16:00:00, 3.2710000000000004
2023-07-09 16:15:00, 3.3160000000000003
2023-07-09 16:30:00, 3.3640000000000003
2023-07-09 16:45:00, 3.402
2023-07-09 17:00:00, 3.4490000000000003
2023-07-09 17:15:00, 3.484
2023-07-09 17:30:00, 3.519
2023-07-09 17:45:00, 3.5490000000000004
2023-07-09 18:00:00, 3.5780000000000003
2023-07-09 18:15:00, 3.6
2023-07-09 18:30:00, 3.613
2023-07-09 18:45:00, 3.6220000000000003
2023-07-09 19:00:00, 3.629
2023-07-09 19:15:00, 3.63
2023-07-09 19:30:00, 3.625
2023-07-09 19:45:00, 3.617
2023-07-09 20:00:00, 3.607
2023-07-09 20:15:00, 3.5940000000000003
2023-07-09 20:30:00, 3.576
2023-07-09 20:45:00, 3.556
2023-07-09 21:00:00, 3.543
2023-07-09 21:15:00, 3.524
2023-07-09 21:30:00, 3.5100000000000002
2023-07-09 21:45:00, 3.4930000000000003
2023-07-09 22:00:00, 3.4730000000000003
2023-07-09 22:15:00, 3.456
2023-07-09 22:30:00, 3.444
2023-07-09 22:45:00, 3.4280000000000004
2023-07-09 23:00:00, 3.411
2023-07-09 23:15:00, 3.394
2023-07-09 23:30:00, 3.379
2023-07-09 23:45:00, 3.3640000000000003
2023-07-10 00:00:00, 3.345
2023-07-10 00:15:00, 3.326
2023-07-10 00:30:00, 3.3000000000000003
2023-07-10 00:45:00, 3.2910000000000004
2023-07-10 01:00:00, 3.273
2023-07-10 01:15:00, 3.2470000000000003
2023-07-10 01:30:00, 3.229
2023-07-10 01:45:00, 3.213
2023-07-10 02:00:00, 3.198
2023-07-10 02:15:00, 3.178
2023-07-10 02:30:00, 3.1620000000000004
2023-07-10 02:45:00, 3.144
2023-07-10 03:00:00, 3.132
2023-07-10 03:15:00, 3.125
2023-07-10 03:30:00, 3.105
2023-07-10 03:45:00, 3.105
2023-07-10 04:00:00, 3.107
2023-07-10 04:15:00, 3.124
2023-07-10 04:30:00, 3.156
2023-07-10 04:45:00, 3.196
2023-07-10 05:00:00, 3.2430000000000003
2023-07-10 05:15:00, 3.286
2023-07-10 05:30:00, 3.334
2023-07-10 05:45:00, 3.3770000000000002
2023-07-10 06:00:00, 3.4120000000000004
2023-07-10 06:15:00, 3.456
2023-07-10 06:30:00, 3.483
2023-07-10 06:45:00, 3.503
2023-07-10 07:00:00, 3.524
2023-07-10 07:15:00, 3.5450000000000004
2023-07-10 07:30:00, 3.56
2023-07-10 07:45:00, 3.567
2023-07-10 08:00:00, 3.568
2023-07-10 08:15:00, 3.5620000000000003
2023-07-10 08:30:00, 3.56
2023-07-10 08:45:00, 3.5500000000000003
2023-07-10 09:00:00, 3.5340000000000003
2023-07-10 09:15:00, 3.524
2023-07-10 09:30:00, 3.5130000000000003
2023-07-10 09:45:00, 3.4970000000000003
2023-07-10 10:00:00, 3.4770000000000003
2023-07-10 10:15:00, 3.462
2023-07-10 10:30:00, 3.4450000000000003
2023-07-10 10:45:00, 3.435
2023-07-10 11:00:00, 3.4210000000000003
2023-07-10 11:15:00, 3.4040000000000004
2023-07-10 11:30:00, 3.391
2023-07-10 11:45:00, 3.3770000000000002
2023-07-10 12:00:00, 3.359
2023-07-10 12:15:00, 3.341
2023-07-10 12:30:00, 3.335
2023-07-10 12:45:00, 3.319
2023-07-10 13:00:00, 3.3040000000000003
2023-07-10 13:15:00, 3.2880000000000003
2023-07-10 13:30:00, 3.277
2023-07-10 13:45:00, 3.257
2023-07-10 14:00:00, 3.24
2023-07-10 14:15:00, 3.22
2023-07-10 14:30:00, 3.208
2023-07-10 14:45:00, 3.192
2023-07-10 15:00:00, 3.1750000000000003
2023-07-10 15:15:00, 3.169
2023-07-10 15:30:00, 3.148
2023-07-10 15:45:00, 3.1390000000000002
2023-07-10 16:00:00, 3.133
2023-07-10 16:15:00, 3.13
2023-07-10 16:30:00, 3.133
2023-07-10 16:45:00, 3.1460000000000004
2023-07-10 17:00:00, 3.172
2023-07-10 17:15:00, 3.209
2023-07-10 17:30:00, 3.242
2023-07-10 17:45:00, 3.281
2023-07-10 18:00:00, 3.318
2023-07-10 18:15:00, 3.354
2023-07-10 18:30:00, 3.3880000000000003
2023-07-10 18:45:00, 3.4210000000000003
2023-07-10 19:00:00, 3.444
2023-07-10 19:15:00, 3.467
2023-07-10 19:30:00, 3.4890000000000003
2023-07-10 19:45:00, 3.494
2023-07-10 20:00:00, 3.508
2023-07-10 20:15:00, 3.5090000000000003
2023-07-10 20:30:00, 3.5100000000000002
2023-07-10 20:45:00, 3.5060000000000002
2023-07-10 21:00:00, 3.503
2023-07-10 21:15:00, 3.495
2023-07-10 21:30:00, 3.4810000000000003
2023-07-10 21:45:00, 3.468
2023-07-10 22:00:00, 3.454
2023-07-10 22:15:00, 3.44
2023-07-10 22:30:00, 3.427
2023-07-10 22:45:00, 3.415
2023-07-10 23:00:00, 3.398
2023-07-10 23:15:00, 3.383
2023-07-10 23:30:00, 3.369
2023-07-10 23:45:00, 3.353
2023-07-11 00:00:00, 3.34
2023-07-11 00:15:00, 3.3240000000000003
2023-07-11 00:30:00, 3.313
2023-07-11 00:45:00, 3.2910000000000004
2023-07-11 01:00:00, 3.2750000000000004
2023-07-11 01:15:00, 3.2590000000000003
2023-07-11 01:30:00, 3.244
2023-07-11 01:45:00, 3.2230000000000003
2023-07-11 02:00:00, 3.208
2023-07-11 02:15:00, 3.1950000000000003
2023-07-11 02:30:00, 3.176
2023-07-11 02:45:00, 3.1590000000000003
2023-07-11 03:00:00, 3.149
2023-07-11 03:15:00, 3.1310000000000002
2023-07-11 03:30:00, 3.12
2023-07-11 03:45:00, 3.101
2023-07-11 04:00:00, 3.091
2023-07-11 04:15:00, 3.0780000000000003
2023-07-11 04:30:00, 3.068
2023-07-11 04:45:00, 3.071
2023-07-11 05:00:00, 3.075
2023-07-11 05:15:00, 3.0940000000000003
2023-07-11 05:30:00, 3.129
2023-07-11 05:45:00, 3.169
2023-07-11 06:00:00, 3.21
2023-07-11 06:15:00, 3.2590000000000003
2023-07-11 06:30:00, 3.3030000000000004
2023-07-11 06:45:00, 3.343
2023-07-11 07:00:00, 3.374
2023-07-11 07:15:00, 3.403
2023-07-11 07:30:00, 3.4370000000000003
2023-07-11 07:45:00, 3.46
2023-07-11 08:00:00, 3.488
2023-07-11 08:15:00, 3.5010000000000003
2023-07-11 08:30:00, 3.5140000000000002
2023-07-11 08:45:00, 3.5180000000000002
2023-07-11 09:00:00, 3.52
2023-07-11 09:15:00, 3.5210000000000004
2023-07-11 09:30:00, 3.516
2023-07-11 09:45:00, 3.519
2023-07-11 10:00:00, 3.511
2023-07-11 10:15:00, 3.5020000000000002
2023-07-11 10:30:00, 3.486
2023-07-11 10:45:00, 3.48
2023-07-11 11:00:00, 3.4610000000000003
2023-07-11 11:15:00, 3.452
2023-07-11 11:30:00, 3.44
2023-07-11 11:45:00, 3.423
2023-07-11 12:00:00, 3.4090000000000003
2023-07-11 12:15:00, 3.3970000000000002
2023-07-11 12:30:00, 3.379
2023-07-11 12:45:00, 3.37
2023-07-11 13:00:00, 3.3520000000000003
2023-07-11 13:15:00, 3.342
2023-07-11 13:30:00, 3.322
2023-07-11 13:45:00, 3.313
2023-07-11 14:00:00, 3.298
2023-07-11 14:15:00, 3.2840000000000003
2023-07-11 14:30:00, 3.261
2023-07-11 14:45:00, 3.2560000000000002
2023-07-11 15:00:00, 3.2390000000000003
2023-07-11 15:15:00, 3.221
2023-07-11 15:30:00, 3.212
2023-07-11 15:45:00, 3.193
2023-07-11 16:00:00, 3.1830000000000003
2023-07-11 16:15:00, 3.17
2023-07-11 16:30:00, 3.1580000000000004
2023-07-11 16:45:00, 3.1460000000000004
2023-07-11 17:00:00, 3.14
2023-07-11 17:15:00, 3.1340000000000003
2023-07-11 17:30:00, 3.1310000000000002
2023-07-11 17:45:00, 3.133
2023-07-11 18:00:00, 3.145
2023-07-11 18:15:00, 3.1590000000000003
2023-07-11 18:30:00, 3.1870000000000003
2023-07-11 18:45:00, 3.2150000000000003
2023-07-11 19:00:00, 3.2470000000000003
2023-07-11 19:15:00, 3.2750000000000004
2023-07-11 19:30:00, 3.307
2023-07-11 19:45:00, 3.334
2023-07-11 20:00:00, 3.366
2023-07-11 20:15:00, 3.3890000000000002
2023-07-11 20:30:00, 3.4130000000000003
2023-07-11 20:45:00, 3.4290000000000003
2023-07-11 21:00:00, 3.436
2023-07-11 21:15:00, 3.4490000000000003
2023-07-11 21:30:00, 3.455
2023-07-11 21:45:00, 3.458
2023-07-11 22:00:00, 3.454
2023-07-11 22:15:00, 3.451
2023-07-11 22:30:00, 3.444
2023-07-11 22:45:00, 3.439
2023-07-11 23:00:00, 3.431
2023-07-11 23:15:00, 3.4210000000000003
2023-07-11 23:30:00, 3.414
2023-07-11 23:45:00, 3.394
2023-07-12 00:00:00, 3.382
2023-07-12 00:15:00, 3.363
2023-07-12 00:30:00, 3.351
2023-07-12 00:45:00, 3.346
2023-07-12 01:00:00, 3.333
2023-07-12 01:15:00, 3.315
2023-07-12 01:30:00, 3.302
2023-07-12 01:45:00, 3.282
2023-07-12 02:00:00, 3.2670000000000003
2023-07-12 02:15:00, 3.245
2023-07-12 02:30:00, 3.2350000000000003
2023-07-12 02:45:00, 3.2190000000000003
2023-07-12 03:00:00, 3.21
2023-07-12 03:15:00, 3.188
2023-07-12 03:30:00, 3.172
2023-07-12 03:45:00, 3.157
2023-07-12 04:00:00, 3.145
2023-07-12 04:15:00, 3.1260000000000003
2023-07-12 04:30:00, 3.119
2023-07-12 04:45:00, 3.103
2023-07-12 05:00:00, 3.095
2023-07-12 05:15:00, 3.083
2023-07-12 05:30:00, 3.075
2023-07-12 05:45:00, 3.072
2023-07-12 06:00:00, 3.0860000000000003
2023-07-12 06:15:00, 3.093
2023-07-12 06:30:00, 3.115
2023-07-12 06:45:00, 3.1460000000000004
2023-07-12 07:00:00, 3.1830000000000003
2023-07-12 07:15:00, 3.228
2023-07-12 07:30:00, 3.2630000000000003
2023-07-12 07:45:00, 3.3040000000000003
2023-07-12 08:00:00, 3.339
2023-07-12 08:15:00, 3.373
2023-07-12 08:30:00, 3.4090000000000003
2023-07-12 08:45:00, 3.439
2023-07-12 09:00:00, 3.471
2023-07-12 09:15:00, 3.494
2023-07-12 09:30:00, 3.5180000000000002
2023-07-12 09:45:00, 3.528
2023-07-12 10:00:00, 3.532
2023-07-12 10:15:00, 3.5330000000000004
2023-07-12 10:30:00, 3.54
2023-07-12 10:45:00, 3.539
2023-07-12 11:00:00, 3.5260000000000002
2023-07-12 11:15:00, 3.515
2023-07-12 11:30:00, 3.5050000000000003
2023-07-12 11:45:00, 3.4970000000000003
2023-07-12 12:00:00, 3.487
2023-07-12 12:15:00, 3.472
2023-07-12 12:30:00, 3.46
2023-07-12 12:45:00, 3.443
2023-07-12 13:00:00, 3.4370000000000003
2023-07-12 13:15:00, 3.427
2023-07-12 13:30:00, 3.42
2023-07-12 13:45:00, 3.4010000000000002
2023-07-12 14:00:00, 3.3930000000000002
2023-07-12 14:15:00, 3.378
2023-07-12 14:30:00, 3.366
2023-07-12 14:45:00, 3.354
2023-07-12 15:00:00, 3.339
2023-07-12 15:15:00, 3.327
2023-07-12 15:30:00, 3.313
2023-07-12 15:45:00, 3.3030000000000004
2023-07-12 16:00:00, 3.2870000000000004
2023-07-12 16:15:00, 3.2720000000000002
2023-07-12 16:30:00, 3.2600000000000002
2023-07-12 16:45:00, 3.2470000000000003
2023-07-12 17:00:00, 3.226
2023-07-12 17:15:00, 3.212
2023-07-12 17:30:00, 3.206
2023-07-12 17:45:00, 3.1950000000000003
2023-07-12 18:00:00, 3.1910000000000003
2023-07-12 18:15:00, 3.178
2023-07-12 18:30:00, 3.176
2023-07-12 18:45:00, 3.1750000000000003
2023-07-12 19:00:00, 3.177
2023-07-12 19:15:00, 3.19
2023-07-12 19:30:00, 3.209
2023-07-12 19:45:00, 3.229
2023-07-12 20:00:00, 3.261
2023-07-12 20:15:00, 3.2950000000000004
2023-07-12 20:30:00, 3.321
2023-07-12 20:45:00, 3.3480000000000003
2023-07-12 21:00:00, 3.373
2023-07-12 21:15:00, 3.402
2023-07-12 21:30:00, 3.42
2023-07-12 21:45:00, 3.436
2023-07-12 22:00:00, 3.45
2023-07-12 22:15:00, 3.46
2023-07-12 22:30:00, 3.467
2023-07-12 22:45:00, 3.4730000000000003
2023-07-12 23:00:00, 3.4730000000000003
2023-07-12 23:15:00, 3.467
2023-07-12 23:30:00, 3.462
2023-07-12 23:45:00, 3.4530000000000003
2023-07-13 00:00:00, 3.451
2023-07-13 00:15:00, 3.439
2023-07-13 00:30:00, 3.431
2023-07-13 00:45:00, 3.4170000000000003
2023-07-13 01:00:00, 3.4080000000000004
2023-07-13 01:15:00, 3.3960000000000004
2023-07-13 01:30:00, 3.3880000000000003
2023-07-13 01:45:00, 3.374
2023-07-13 02:00:00, 3.363
2023-07-13 02:15:00, 3.347
2023-07-13 02:30:00, 3.333
2023-07-13 02:45:00, 3.317
2023-07-13 03:00:00, 3.305
2023-07-13 03:15:00, 3.29
2023-07-13 03:30:00, 3.2750000000000004
2023-07-13 03:45:00, 3.258
2023-07-13 04:00:00, 3.246
2023-07-13 04:15:00, 3.234
2023-07-13 04:30:00, 3.2190000000000003
2023-07-13 04:45:00, 3.202
2023-07-13 05:00:00, 3.194
2023-07-13 05:15:00, 3.185
2023-07-13 05:30:00, 3.168
2023-07-13 05:45:00, 3.1620000000000004
2023-07-13 06:00:00, 3.148
2023-07-13 06:15:00, 3.1380000000000003
2023-07-13 06:30:00, 3.132
2023-07-13 06:45:00, 3.132
2023-07-13 07:00:00, 3.144
2023-07-13 07:15:00, 3.16
2023-07-13 07:30:00, 3.173
2023-07-13 07:45:00, 3.204
2023-07-13 08:00:00, 3.2350000000000003
2023-07-13 08:15:00, 3.277
2023-07-13 08:30:00, 3.311
2023-07-13 08:45:00, 3.347
2023-07-13 09:00:00, 3.3890000000000002
2023-07-13 09:15:00, 3.4240000000000004
2023-07-13 09:30:00, 3.452
2023-07-13 09:45:00, 3.484
2023-07-13 10:00:00, 3.5130000000000003
2023-07-13 10:15:00, 3.5290000000000004
2023-07-13 10:30:00, 3.5540000000000003
2023-07-13 10:45:00, 3.5660000000000003
2023-07-13 11:00:00, 3.5780000000000003
2023-07-13 11:15:00, 3.588
2023-07-13 11:30:00, 3.592
2023-07-13 11:45:00, 3.589
2023-07-13 12:00:00, 3.587
2023-07-13 12:15:00, 3.5860000000000003
2023-07-13 12:30:00, 3.577
2023-07-13 12:45:00, 3.5660000000000003
2023-07-13 13:00:00, 3.551
2023-07-13 13:15:00, 3.54
2023-07-13 13:30:00, 3.527
2023-07-13 13:45:00, 3.5140000000000002
2023-07-13 14:00:00, 3.5
2023-07-13 14:15:00, 3.488
2023-07-13 14:30:00, 3.4770000000000003
2023-07-13 14:45:00, 3.467
2023-07-13 15:00:00, 3.454
2023-07-13 15:15:00, 3.436
2023-07-13 15:30:00, 3.43
2023-07-13 15:45:00, 3.4130000000000003
2023-07-13 16:00:00, 3.4080000000000004
2023-07-13 16:15:00, 3.399
2023-07-13 16:30:00, 3.382
2023-07-13 16:45:00, 3.366
2023-07-13 17:00:00, 3.353
2023-07-13 17:15:00, 3.339
2023-07-13 17:30:00, 3.326
2023-07-13 17:45:00, 3.3120000000000003
2023-07-13 18:00:00, 3.29
2023-07-13 18:15:00, 3.281
2023-07-13 18:30:00, 3.269
2023-07-13 18:45:00, 3.261
2023-07-13 19:00:00, 3.248
2023-07-13 19:15:00, 3.241
2023-07-13 19:30:00, 3.237
2023-07-13 19:45:00, 3.234
2023-07-13 20:00:00, 3.234
2023-07-13 20:15:00, 3.2430000000000003
2023-07-13 20:30:00, 3.245
2023-07-13 20:45:00, 3.2550000000000003
2023-07-13 21:00:00, 3.27
2023-07-13 21:15:00, 3.2950000000000004
2023-07-13 21:30:00, 3.315
2023-07-13 21:45:00, 3.335
2023-07-13 22:00:00, 3.363
2023-07-13 22:15:00, 3.3840000000000003
2023-07-13 22:30:00, 3.406
2023-07-13 22:45:00, 3.422
2023-07-13 23:00:00, 3.45
2023-07-13 23:15:00, 3.459
2023-07-13 23:30:00, 3.462
2023-07-13 23:45:00, 3.468
2023-07-14 00:00:00, 3.472
2023-07-14 00:15:00, 3.476
2023-07-14 00:30:00, 3.476
2023-07-14 00:45:00, 3.471
2023-07-14 01:00:00, 3.47
2023-07-14 01:15:00, 3.4610000000000003
2023-07-14 01:30:00, 3.456
2023-07-14 01:45:00, 3.446
2023-07-14 02:00:00, 3.434
2023-07-14 02:15:00, 3.422
2023-07-14 02:30:00, 3.414
2023-07-14 02:45:00, 3.4050000000000002
2023-07-14 03:00:00, 3.3930000000000002
2023-07-14 03:15:00, 3.378
2023-07-14 03:30:00, 3.369
2023-07-14 03:45:00, 3.355
2023-07-14 04:00:00, 3.347
2023-07-14 04:15:00, 3.329
2023-07-14 04:30:00, 3.317
2023-07-14 04:45:00, 3.309
2023-07-14 05:00:00, 3.294
2023-07-14 05:15:00, 3.2830000000000004
2023-07-14 05:30:00, 3.2710000000000004
2023-07-14 05:45:00, 3.2560000000000002
2023-07-14 06:00:00, 3.248
2023-07-14 06:15:00, 3.236
2023-07-14 06:30:00, 3.2310000000000003
2023-07-14 06:45:00, 3.214
2023-07-14 07:00:00, 3.204
2023-07-14 07:15:00, 3.196
2023-07-14 07:30:00, 3.1870000000000003
2023-07-14 07:45:00, 3.1870000000000003
2023-07-14 08:00:00, 3.189
2023-07-14 08:15:00, 3.198
2023-07-14 08:30:00, 3.2190000000000003
2023-07-14 08:45:00, 3.236
2023-07-14 09:00:00, 3.274
2023-07-14 09:15:00, 3.319
2023-07-14 09:30:00, 3.36
2023-07-14 09:45:00, 3.394
2023-07-14 10:00:00, 3.4320000000000004
2023-07-14 10:15:00, 3.471
2023-07-14 10:30:00, 3.5
2023-07-14 10:45:00, 3.5330000000000004
2023-07-14 11:00:00, 3.5610000000000004
2023-07-14 11:15:00, 3.5860000000000003
2023-07-14 11:30:00, 3.605
2023-07-14 11:45:00, 3.621
2023-07-14 12:00:00, 3.632
2023-07-14 12:15:00, 3.6390000000000002
2023-07-14 12:30:00, 3.645
2023-07-14 12:45:00, 3.645
2023-07-14 13:00:00, 3.6460000000000004
2023-07-14 13:15:00, 3.6390000000000002
2023-07-14 13:30:00, 3.6260000000000003
2023-07-14 13:45:00, 3.6180000000000003
2023-07-14 14:00:00, 3.605
2023-07-14 14:15:00, 3.597
2023-07-14 14:30:00, 3.587
2023-07-14 14:45:00, 3.573
2023-07-14 15:00:00, 3.5620000000000003
2023-07-14 15:15:00, 3.547
2023-07-14 15:30:00, 3.5450000000000004
2023-07-14 15:45:00, 3.524
2023-07-14 16:00:00, 3.508
2023-07-14 16:15:00, 3.4970000000000003
2023-07-14 16:30:00, 3.48
2023-07-14 16:45:00, 3.466
2023-07-14 17:00:00, 3.4530000000000003
2023-07-14 17:15:00, 3.436
2023-07-14 17:30:00, 3.4290000000000003
2023-07-14 17:45:00, 3.41
2023-07-14 18:00:00, 3.3970000000000002
2023-07-14 18:15:00, 3.3850000000000002
2023-07-14 18:30:00, 3.363
2023-07-14 18:45:00, 3.355
2023-07-14 19:00:00, 3.339
2023-07-14 19:15:00, 3.329
2023-07-14 19:30:00, 3.319
2023-07-14 19:45:00, 3.3030000000000004
2023-07-14 20:00:00, 3.293
2023-07-14 20:15:00, 3.2830000000000004
2023-07-14 20:30:00, 3.2680000000000002
2023-07-14 20:45:00, 3.265
2023-07-14 21:00:00, 3.261
2023-07-14 21:15:00, 3.2640000000000002
2023-07-14 21:30:00, 3.262
2023-07-14 21:45:00, 3.277
2023-07-14 22:00:00, 3.2920000000000003
2023-07-14 22:15:00, 3.311
2023-07-14 22:30:00, 3.346
2023-07-14 22:45:00, 3.3770000000000002
2023-07-14 23:00:00, 3.398
2023-07-14 23:15:00, 3.419
2023-07-14 23:30:00, 3.446
2023-07-14 23:45:00, 3.459
2023-07-15 00:00:00, 3.486
2023-07-15 00:15:00, 3.499
2023-07-15 00:30:00, 3.5130000000000003
2023-07-15 00:45:00, 3.52
2023-07-15 01:00:00, 3.5340000000000003
2023-07-15 01:15:00, 3.5340000000000003
2023-07-15 01:30:00, 3.532
2023-07-15 01:45:00, 3.536
2023-07-15 02:00:00, 3.524
2023-07-15 02:15:00, 3.527
2023-07-15 02:30:00, 3.5140000000000002
2023-07-15 02:45:00, 3.507
2023-07-15 03:00:00, 3.496
2023-07-15 03:15:00, 3.488
2023-07-15 03:30:00, 3.479
2023-07-15 03:45:00, 3.4650000000000003
2023-07-15 04:00:00, 3.458
2023-07-15 04:15:00, 3.44
2023-07-15 04:30:00, 3.4240000000000004
2023-07-15 04:45:00, 3.4130000000000003
2023-07-15 05:00:00, 3.399
2023-07-15 05:15:00, 3.3890000000000002
2023-07-15 05:30:00, 3.3760000000000003
2023-07-15 05:45:00, 3.363
2023-07-15 06:00:00, 3.345
2023-07-15 06:15:00, 3.337
2023-07-15 06:30:00, 3.3240000000000003
2023-07-15 06:45:00, 3.3080000000000003
2023-07-15 07:00:00, 3.2960000000000003
2023-07-15 07:15:00, 3.285
2023-07-15 07:30:00, 3.277
2023-07-15 07:45:00, 3.2630000000000003
2023-07-15 08:00:00, 3.2560000000000002
2023-07-15 08:15:00, 3.246
2023-07-15 08:30:00, 3.244
2023-07-15 08:45:00, 3.244
2023-07-15 09:00:00, 3.249
2023-07-15 09:15:00, 3.269
2023-07-15 09:30:00, 3.2950000000000004
2023-07-15 09:45:00, 3.335
2023-07-15 10:00:00, 3.39
2023-07-15 10:15:00, 3.4330000000000003
2023-07-15 10:30:00, 3.4770000000000003
2023-07-15 10:45:00, 3.5220000000000002
2023-07-15 11:00:00, 3.5580000000000003
2023-07-15 11:15:00, 3.6020000000000003
2023-07-15 11:30:00, 3.6270000000000002
2023-07-15 11:45:00, 3.6660000000000004
2023-07-15 12:00:00, 3.6980000000000004
2023-07-15 12:15:00, 3.724
2023-07-15 12:30:00, 3.744
2023-07-15 12:45:00, 3.7630000000000003
2023-07-15 13:00:00, 3.773
2023-07-15 13:15:00, 3.778
2023-07-15 13:30:00, 3.781
2023-07-15 13:45:00, 3.781
2023-07-15 14:00:00, 3.782
2023-07-15 14:15:00, 3.77
2023-07-15 14:30:00, 3.762
2023-07-15 14:45:00, 3.749
2023-07-15 15:00:00, 3.7430000000000003
2023-07-15 15:15:00, 3.722
2023-07-15 15:30:00, 3.697
2023-07-15 15:45:00, 3.692
2023-07-15 16:00:00, 3.6740000000000004
2023-07-15 16:15:00, 3.6620000000000004
2023-07-15 16:30:00, 3.6470000000000002
2023-07-15 16:45:00, 3.636
2023-07-15 17:00:00, 3.625
2023-07-15 17:15:00, 3.61
2023-07-15 17:30:00, 3.605
2023-07-15 17:45:00, 3.5860000000000003
2023-07-15 18:00:00, 3.579
2023-07-15 18:15:00, 3.5660000000000003
2023-07-15 18:30:00, 3.5490000000000004
2023-07-15 18:45:00, 3.532
2023-07-15 19:00:00, 3.52
2023-07-15 19:15:00, 3.504
2023-07-15 19:30:00, 3.49
2023-07-15 19:45:00, 3.478
2023-07-15 20:00:00, 3.466
2023-07-15 20:15:00, 3.451
2023-07-15 20:30:00, 3.435
2023-07-15 20:45:00, 3.426
2023-07-15 21:00:00, 3.4170000000000003
2023-07-15 21:15:00, 3.407
2023-07-15 21:30:00, 3.398
2023-07-15 21:45:00, 3.4
2023-07-15 22:00:00, 3.4050000000000002
2023-07-15 22:15:00, 3.42
2023-07-15 22:30:00, 3.447
2023-07-15 22:45:00, 3.475
2023-07-15 23:00:00, 3.5050000000000003
2023-07-15 23:15:00, 3.5370000000000004
2023-07-15 23:30:00, 3.569
2023-07-15 23:45:00, 3.6
2023-07-16 00:00:00, 3.632
2023-07-16 00:15:00, 3.6470000000000002
2023-07-16 00:30:00, 3.669
2023-07-16 00:45:00, 3.69
2023-07-16 01:00:00, 3.7030000000000003
2023-07-16 01:15:00, 3.7150000000000003
2023-07-16 01:30:00, 3.721
2023-07-16 01:45:00, 3.728
2023-07-16 02:00:00, 3.7310000000000003
2023-07-16 02:15:00, 3.726
2023-07-16 02:30:00, 3.7190000000000003
2023-07-16 02:45:00, 3.716
2023-07-16 03:00:00, 3.705
2023-07-16 03:15:00, 3.6950000000000003
2023-07-16 03:30:00, 3.6860000000000004
2023-07-16 03:45:00, 3.6740000000000004
2023-07-16 04:00:00, 3.6580000000000004
2023-07-16 04:15:00, 3.6390000000000002
2023-07-16 04:30:00, 3.6310000000000002
2023-07-16 04:45:00, 3.63
2023-07-16 05:00:00, 3.623
2023-07-16 05:15:00, 3.601
2023-07-16 05:30:00, 3.587
2023-07-16 05:45:00, 3.579
2023-07-16 06:00:00, 3.563
2023-07-16 06:15:00, 3.5620000000000003
2023-07-16 06:30:00, 3.551
2023-07-16 06:45:00, 3.535
2023-07-16 07:00:00, 3.519
2023-07-16 07:15:00, 3.4970000000000003
2023-07-16 07:30:00, 3.486
2023-07-16 07:45:00, 3.468
2023-07-16 08:00:00, 3.448
2023-07-16 08:15:00, 3.444
2023-07-16 08:30:00, 3.414
2023-07-16 08:45:00, 3.4130000000000003
2023-07-16 09:00:00, 3.4050000000000002
2023-07-16 09:15:00, 3.403
2023-07-16 09:30:00, 3.3970000000000002
2023-07-16 09:45:00, 3.4080000000000004
2023-07-16 10:00:00, 3.4170000000000003
2023-07-16 10:15:00, 3.446
2023-07-16 10:30:00, 3.487
2023-07-16 10:45:00, 3.528
2023-07-16 11:00:00, 3.573
2023-07-16 11:15:00, 3.612
2023-07-16 11:30:00, 3.652
2023-07-16 11:45:00, 3.6940000000000004
2023-07-16 12:00:00, 3.732
2023-07-16 12:15:00, 3.7630000000000003
2023-07-16 12:30:00, 3.7950000000000004
2023-07-16 12:45:00, 3.821
2023-07-16 13:00:00, 3.842
2023-07-16 13:15:00, 3.86
2023-07-16 13:30:00, 3.874
2023-07-16 13:45:00, 3.887
2023-07-16 14:00:00, 3.883
2023-07-16 14:15:00, 3.89
2023-07-16 14:30:00, 3.887
2023-07-16 14:45:00, 3.8760000000000003
2023-07-16 15:00:00, 3.866
2023-07-16 15:15:00, 3.8520000000000003
2023-07-16 15:30:00, 3.837
2023-07-16 15:45:00, 3.8270000000000004
2023-07-16 16:00:00, 3.806
2023-07-16 16:15:00, 3.79
2023-07-16 16:30:00, 3.7750000000000004
2023-07-16 16:45:00, 3.753
2023-07-16 17:00:00, 3.74
2023-07-16 17:15:00, 3.732
2023-07-16 17:30:00, 3.716
2023-07-16 17:45:00, 3.6990000000000003
2023-07-16 18:00:00, 3.6830000000000003
2023-07-16 18:15:00, 3.6740000000000004
2023-07-16 18:30:00, 3.6550000000000002
2023-07-16 18:45:00, 3.6430000000000002
2023-07-16 19:00:00, 3.623
2023-07-16 19:15:00, 3.61
2023-07-16 19:30:00, 3.593
2023-07-16 19:45:00, 3.579
2023-07-16 20:00:00, 3.564
2023-07-16 20:15:00, 3.551
2023-07-16 20:30:00, 3.5370000000000004
2023-07-16 20:45:00, 3.5250000000000004
2023-07-16 21:00:00, 3.508
2023-07-16 21:15:00, 3.495
2023-07-16 21:30:00, 3.482
2023-07-16 21:45:00, 3.471
2023-07-16 22:00:00, 3.462
2023-07-16 22:15:00, 3.455
2023-07-16 22:30:00, 3.451
2023-07-16 22:45:00, 3.462
2023-07-16 23:00:00, 3.47
2023-07-16 23:15:00, 3.4890000000000003
2023-07-16 23:30:00, 3.5210000000000004
2023-07-16 23:45:00, 3.5450000000000004
2023-07-17 00:00:00, 3.577
2023-07-17 00:15:00, 3.6140000000000003
2023-07-17 00:30:00, 3.6390000000000002
2023-07-17 00:45:00, 3.6670000000000003
2023-07-17 01:00:00, 3.693
2023-07-17 01:15:00, 3.71
2023-07-17 01:30:00, 3.732
2023-07-17 01:45:00, 3.746
2023-07-17 02:00:00, 3.75
2023-07-17 02:15:00, 3.761
2023-07-17 02:30:00, 3.777
2023-07-17 02:45:00, 3.761
2023-07-17 03:00:00, 3.7600000000000002
2023-07-17 03:15:00, 3.7560000000000002
2023-07-17 03:30:00, 3.7430000000000003
2023-07-17 03:45:00, 3.7390000000000003
2023-07-17 04:00:00, 3.728
2023-07-17 04:15:00, 3.714
2023-07-17 04:30:00, 3.696
2023-07-17 04:45:00, 3.688
2023-07-17 05:00:00, 3.6710000000000003
2023-07-17 05:15:00, 3.652
2023-07-17 05:30:00, 3.6420000000000003
2023-07-17 05:45:00, 3.629
2023-07-17 06:00:00, 3.615
2023-07-17 06:15:00, 3.5980000000000003
2023-07-17 06:30:00, 3.584
2023-07-17 06:45:00, 3.5740000000000003
2023-07-17 07:00:00, 3.5570000000000004
2023-07-17 07:15:00, 3.544
2023-07-17 07:30:00, 3.531
2023-07-17 07:45:00, 3.5170000000000003
2023-07-17 08:00:00, 3.503
2023-07-17 08:15:00, 3.4890000000000003
2023-07-17 08:30:00, 3.4770000000000003
2023-07-17 08:45:00, 3.462
2023-07-17 09:00:00, 3.4490000000000003
2023-07-17 09:15:00, 3.4370000000000003
2023-07-17 09:30:00, 3.43
2023-07-17 09:45:00, 3.4240000000000004
2023-07-17 10:00:00, 3.422
2023-07-17 10:15:00, 3.42
2023-07-17 10:30:00, 3.431
2023-07-17 10:45:00, 3.4610000000000003
2023-07-17 11:00:00, 3.496
2023-07-17 11:15:00, 3.5450000000000004
2023-07-17 11:30:00, 3.593
2023-07-17 11:45:00, 3.6310000000000002
2023-07-17 12:00:00, 3.673
2023-07-17 12:15:00, 3.716
2023-07-17 12:30:00, 3.7560000000000002
2023-07-17 12:45:00, 3.789
2023-07-17 13:00:00, 3.818
2023-07-17 13:15:00, 3.8480000000000003
2023-07-17 13:30:00, 3.869
2023-07-17 13:45:00, 3.887
2023-07-17 14:00:00, 3.9050000000000002
2023-07-17 14:15:00, 3.9160000000000004
2023-07-17 14:30:00, 3.923
2023-07-17 14:45:00, 3.922
2023-07-17 15:00:00, 3.92
2023-07-17 15:15:00, 3.9120000000000004
2023-07-17 15:30:00, 3.9
2023-07-17 15:45:00, 3.8890000000000002
2023-07-17 16:00:00, 3.8770000000000002
2023-07-17 16:15:00, 3.865
2023-07-17 16:30:00, 3.849
2023-07-17 16:45:00, 3.829
2023-07-17 17:00:00, 3.814
2023-07-17 17:15:00, 3.797
2023-07-17 17:30:00, 3.781
2023-07-17 17:45:00, 3.762
2023-07-17 18:00:00, 3.75
2023-07-17 18:15:00, 3.737
2023-07-17 18:30:00, 3.721
2023-07-17 18:45:00, 3.701
2023-07-17 19:00:00, 3.689
2023-07-17 19:15:00, 3.6740000000000004
2023-07-17 19:30:00, 3.6580000000000004
2023-07-17 19:45:00, 3.6420000000000003
2023-07-17 20:00:00, 3.6270000000000002
2023-07-17 20:15:00, 3.612
2023-07-17 20:30:00, 3.596
2023-07-17 20:45:00, 3.58
2023-07-17 21:00:00, 3.5660000000000003
2023-07-17 21:15:00, 3.551
2023-07-17 21:30:00, 3.5340000000000003
2023-07-17 21:45:00, 3.5180000000000002
2023-07-17 22:00:00, 3.5050000000000003
2023-07-17 22:15:00, 3.491
2023-07-17 22:30:00, 3.4770000000000003
2023-07-17 22:45:00, 3.4690000000000003
2023-07-17 23:00:00, 3.467
2023-07-17 23:15:00, 3.462
2023-07-17 23:30:00, 3.4730000000000003
2023-07-17 23:45:00, 3.49
2023-07-18 00:00:00, 3.511
2023-07-18 00:15:00, 3.539
2023-07-18 00:30:00, 3.567
2023-07-18 00:45:00, 3.609
2023-07-18 01:00:00, 3.6350000000000002
2023-07-18 01:15:00, 3.664
2023-07-18 01:30:00, 3.692
2023-07-18 01:45:00, 3.713
2023-07-18 02:00:00, 3.7310000000000003
2023-07-18 02:15:00, 3.742
2023-07-18 02:30:00, 3.7560000000000002
2023-07-18 02:45:00, 3.7670000000000003
2023-07-18 03:00:00, 3.7710000000000004
2023-07-18 03:15:00, 3.785
2023-07-18 03:30:00, 3.773
2023-07-18 03:45:00, 3.7720000000000002
2023-07-18 04:00:00, 3.762
2023-07-18 04:15:00, 3.761
2023-07-18 04:30:00, 3.744
2023-07-18 04:45:00, 3.7230000000000003
2023-07-18 05:00:00, 3.718
2023-07-18 05:15:00, 3.696
2023-07-18 05:30:00, 3.6860000000000004
2023-07-18 05:45:00, 3.6790000000000003
2023-07-18 06:00:00, 3.6580000000000004
2023-07-18 06:15:00, 3.637
2023-07-18 06:30:00, 3.625
2023-07-18 06:45:00, 3.616
2023-07-18 07:00:00, 3.601
2023-07-18 07:15:00, 3.585
2023-07-18 07:30:00, 3.572
2023-07-18 07:45:00, 3.551
2023-07-18 08:00:00, 3.5410000000000004
2023-07-18 08:15:00, 3.528
2023-07-18 08:30:00, 3.5090000000000003
2023-07-18 08:45:00, 3.496
2023-07-18 09:00:00, 3.484
2023-07-18 09:15:00, 3.468
2023-07-18 09:30:00, 3.456
2023-07-18 09:45:00, 3.444
2023-07-18 10:00:00, 3.43
2023-07-18 10:15:00, 3.4090000000000003
2023-07-18 10:30:00, 3.4170000000000003
2023-07-18 10:45:00, 3.4130000000000003
2023-07-18 11:00:00, 3.4280000000000004
2023-07-18 11:15:00, 3.452
2023-07-18 11:30:00, 3.491
2023-07-18 11:45:00, 3.5420000000000003
2023-07-18 12:00:00, 3.591
2023-07-18 12:15:00, 3.6310000000000002
2023-07-18 12:30:00, 3.6740000000000004
2023-07-18 12:45:00, 3.712
2023-07-18 13:00:00, 3.754
2023-07-18 13:15:00, 3.7840000000000003
2023-07-18 13:30:00, 3.8190000000000004
2023-07-18 13:45:00, 3.8520000000000003
2023-07-18 14:00:00, 3.8720000000000003
2023-07-18 14:15:00, 3.899
2023-07-18 14:30:00, 3.911
2023-07-18 14:45:00, 3.923
2023-07-18 15:00:00, 3.9290000000000003
2023-07-18 15:15:00, 3.931
2023-07-18 15:30:00, 3.934
2023-07-18 15:45:00, 3.922
2023-07-18 16:00:00, 3.9170000000000003
2023-07-18 16:15:00, 3.9
2023-07-18 16:30:00, 3.882
2023-07-18 16:45:00, 3.8720000000000003
2023-07-18 17:00:00, 3.851
2023-07-18 17:15:00, 3.837
2023-07-18 17:30:00, 3.818
2023-07-18 17:45:00, 3.801
2023-07-18 18:00:00, 3.7840000000000003
2023-07-18 18:15:00, 3.7680000000000002
2023-07-18 18:30:00, 3.745
2023-07-18 18:45:00, 3.73
2023-07-18 19:00:00, 3.717
2023-07-18 19:15:00, 3.701
2023-07-18 19:30:00, 3.681
2023-07-18 19:45:00, 3.67
2023-07-18 20:00:00, 3.656
2023-07-18 20:15:00, 3.641
2023-07-18 20:30:00, 3.6260000000000003
2023-07-18 20:45:00, 3.6140000000000003
2023-07-18 21:00:00, 3.6
2023-07-18 21:15:00, 3.587
2023-07-18 21:30:00, 3.572
2023-07-18 21:45:00, 3.5530000000000004
2023-07-18 22:00:00, 3.532
2023-07-18 22:15:00, 3.519
2023-07-18 22:30:00, 3.508
2023-07-18 22:45:00, 3.494
2023-07-18 23:00:00, 3.4850000000000003
2023-07-18 23:15:00, 3.478
2023-07-18 23:30:00, 3.471
2023-07-18 23:45:00, 3.479
2023-07-19 00:00:00, 3.495
2023-07-19 00:15:00, 3.515
2023-07-19 00:30:00, 3.5460000000000003
2023-07-19 00:45:00, 3.584
2023-07-19 01:00:00, 3.62
2023-07-19 01:15:00, 3.6580000000000004
2023-07-19 01:30:00, 3.69
2023-07-19 01:45:00, 3.717
2023-07-19 02:00:00, 3.741
2023-07-19 02:15:00, 3.769
2023-07-19 02:30:00, 3.7840000000000003
2023-07-19 02:45:00, 3.8000000000000003
2023-07-19 03:00:00, 3.8160000000000003
2023-07-19 03:15:00, 3.8230000000000004
2023-07-19 03:30:00, 3.8270000000000004
2023-07-19 03:45:00, 3.8270000000000004
2023-07-19 04:00:00, 3.83
2023-07-19 04:15:00, 3.8200000000000003
2023-07-19 04:30:00, 3.809
2023-07-19 04:45:00, 3.798
2023-07-19 05:00:00, 3.79
2023-07-19 05:15:00, 3.7790000000000004
2023-07-19 05:30:00, 3.758
2023-07-19 05:45:00, 3.744
2023-07-19 06:00:00, 3.729
2023-07-19 06:15:00, 3.717
2023-07-19 06:30:00, 3.697
2023-07-19 06:45:00, 3.6780000000000004
2023-07-19 07:00:00, 3.669
2023-07-19 07:15:00, 3.6510000000000002
2023-07-19 07:30:00, 3.637
2023-07-19 07:45:00, 3.624
2023-07-19 08:00:00, 3.6060000000000003
2023-07-19 08:15:00, 3.588
2023-07-19 08:30:00, 3.579
2023-07-19 08:45:00, 3.5650000000000004
2023-07-19 09:00:00, 3.543
2023-07-19 09:15:00, 3.535
2023-07-19 09:30:00, 3.519
2023-07-19 09:45:00, 3.5050000000000003
2023-07-19 10:00:00, 3.495
2023-07-19 10:15:00, 3.474
2023-07-19 10:30:00, 3.47
2023-07-19 10:45:00, 3.4650000000000003
2023-07-19 11:00:00, 3.451
2023-07-19 11:15:00, 3.4570000000000003
2023-07-19 11:30:00, 3.47
2023-07-19 11:45:00, 3.494
2023-07-19 12:00:00, 3.5410000000000004
2023-07-19 12:15:00, 3.587
2023-07-19 12:30:00, 3.6340000000000003
2023-07-19 12:45:00, 3.6790000000000003
2023-07-19 13:00:00, 3.725
2023-07-19 13:15:00, 3.761
2023-07-19 13:30:00, 3.7990000000000004
2023-07-19 13:45:00, 3.8320000000000003
2023-07-19 14:00:00, 3.871
2023-07-19 14:15:00, 3.895
2023-07-19 14:30:00, 3.915
2023-07-19 14:45:00, 3.9320000000000004
2023-07-19 15:00:00, 3.951
2023-07-19 15:15:00, 3.962
2023-07-19 15:30:00, 3.9690000000000003
2023-07-19 15:45:00, 3.971
2023-07-19 16:00:00, 3.967
2023-07-19 16:15:00, 3.954
2023-07-19 16:30:00, 3.942
2023-07-19 16:45:00, 3.9250000000000003
2023-07-19 17:00:00, 3.9130000000000003
2023-07-19 17:15:00, 3.895
2023-07-19 17:30:00, 3.875
2023-07-19 17:45:00, 3.865
2023-07-19 18:00:00, 3.834
2023-07-19 18:15:00, 3.8200000000000003
2023-07-19 18:30:00, 3.802
2023-07-19 18:45:00, 3.7870000000000004
2023-07-19 19:00:00, 3.773
2023-07-19 19:15:00, 3.7560000000000002
2023-07-19 19:30:00, 3.7430000000000003
2023-07-19 19:45:00, 3.728
2023-07-19 20:00:00, 3.7110000000000003
2023-07-19 20:15:00, 3.6950000000000003
2023-07-19 20:30:00, 3.68
2023-07-19 20:45:00, 3.6670000000000003
2023-07-19 21:00:00, 3.648
2023-07-19 21:15:00, 3.628
2023-07-19 21:30:00, 3.6140000000000003
2023-07-19 21:45:00, 3.6
2023-07-19 22:00:00, 3.588
2023-07-19 22:15:00, 3.572
2023-07-19 22:30:00, 3.556
2023-07-19 22:45:00, 3.5460000000000003
2023-07-19 23:00:00, 3.527
2023-07-19 23:15:00, 3.5130000000000003
2023-07-19 23:30:00, 3.503
2023-07-19 23:45:00, 3.492
2023-07-20 00:00:00, 3.491
2023-07-20 00:15:00, 3.491
2023-07-20 00:30:00, 3.504
2023-07-20 00:45:00, 3.5290000000000004
2023-07-20 01:00:00, 3.56
2023-07-20 01:15:00, 3.595
2023-07-20 01:30:00, 3.6350000000000002
2023-07-20 01:45:00, 3.669
2023-07-20 02:00:00, 3.701
2023-07-20 02:15:00, 3.73
2023-07-20 02:30:00, 3.754
2023-07-20 02:45:00, 3.777
2023-07-20 03:00:00, 3.8000000000000003
2023-07-20 03:15:00, 3.8080000000000003
2023-07-20 03:30:00, 3.8240000000000003
2023-07-20 03:45:00, 3.8320000000000003
2023-07-20 04:00:00, 3.8360000000000003
2023-07-20 04:15:00, 3.8310000000000004
2023-07-20 04:30:00, 3.8280000000000003
2023-07-20 04:45:00, 3.8270000000000004
2023-07-20 05:00:00, 3.8160000000000003
2023-07-20 05:15:00, 3.7990000000000004
2023-07-20 05:30:00, 3.7910000000000004
2023-07-20 05:45:00, 3.7750000000000004
2023-07-20 06:00:00, 3.754
2023-07-20 06:15:00, 3.738
2023-07-20 06:30:00, 3.73
2023-07-20 06:45:00, 3.7230000000000003
2023-07-20 07:00:00, 3.6990000000000003
2023-07-20 07:15:00, 3.6860000000000004
2023-07-20 07:30:00, 3.67
2023-07-20 07:45:00, 3.657
2023-07-20 08:00:00, 3.6390000000000002
2023-07-20 08:15:00, 3.6310000000000002
2023-07-20 08:30:00, 3.613
2023-07-20 08:45:00, 3.601
2023-07-20 09:00:00, 3.584
2023-07-20 09:15:00, 3.572
2023-07-20 09:30:00, 3.5580000000000003
2023-07-20 09:45:00, 3.5420000000000003
2023-07-20 10:00:00, 3.5300000000000002
2023-07-20 10:15:00, 3.5170000000000003
2023-07-20 10:30:00, 3.5050000000000003
2023-07-20 10:45:00, 3.484
2023-07-20 11:00:00, 3.4730000000000003
2023-07-20 11:15:00, 3.462
2023-07-20 11:30:00, 3.458
2023-07-20 11:45:00, 3.4610000000000003
2023-07-20 12:00:00, 3.474
2023-07-20 12:15:00, 3.498
2023-07-20 12:30:00, 3.531
2023-07-20 12:45:00, 3.577
2023-07-20 13:00:00, 3.629
2023-07-20 13:15:00, 3.668
2023-07-20 13:30:00, 3.717
2023-07-20 13:45:00, 3.7550000000000003
2023-07-20 14:00:00, 3.7920000000000003
2023-07-20 14:15:00, 3.8320000000000003
2023-07-20 14:30:00, 3.859
2023-07-20 14:45:00, 3.886
2023-07-20 15:00:00, 3.91
2023-07-20 15:15:00, 3.927
2023-07-20 15:30:00, 3.947
2023-07-20 15:45:00, 3.9610000000000003
2023-07-20 16:00:00, 3.967
2023-07-20 16:15:00, 3.968
2023-07-20 16:30:00, 3.963
2023-07-20 16:45:00, 3.95
2023-07-20 17:00:00, 3.943
2023-07-20 17:15:00, 3.9330000000000003
2023-07-20 17:30:00, 3.9240000000000004
2023-07-20 17:45:00, 3.903
2023-07-20 18:00:00, 3.8760000000000003
2023-07-20 18:15:00, 3.855
2023-07-20 18:30:00, 3.838
2023-07-20 18:45:00, 3.8150000000000004
2023-07-20 19:00:00, 3.7990000000000004
2023-07-20 19:15:00, 3.786
2023-07-20 19:30:00, 3.7680000000000002
2023-07-20 19:45:00, 3.75
2023-07-20 20:00:00, 3.736
2023-07-20 20:15:00, 3.7230000000000003
2023-07-20 20:30:00, 3.702
2023-07-20 20:45:00, 3.69
2023-07-20 21:00:00, 3.672
2023-07-20 21:15:00, 3.6550000000000002
2023-07-20 21:30:00, 3.6430000000000002
2023-07-20 21:45:00, 3.628
2023-07-20 22:00:00, 3.616
2023-07-20 22:15:00, 3.5940000000000003
2023-07-20 22:30:00, 3.58
2023-07-20 22:45:00, 3.5610000000000004
2023-07-20 23:00:00, 3.5490000000000004
2023-07-20 23:15:00, 3.532
2023-07-20 23:30:00, 3.5180000000000002
2023-07-20 23:45:00, 3.508
2023-07-21 00:00:00, 3.496
2023-07-21 00:15:00, 3.486
2023-07-21 00:30:00, 3.4890000000000003
2023-07-21 00:45:00, 3.49
2023-07-21 01:00:00, 3.5100000000000002
2023-07-21 01:15:00, 3.543
2023-07-21 01:30:00, 3.575
2023-07-21 01:45:00, 3.616
2023-07-21 02:00:00, 3.6510000000000002
2023-07-21 02:15:00, 3.6860000000000004
2023-07-21 02:30:00, 3.72
2023-07-21 02:45:00, 3.753
2023-07-21 03:00:00, 3.777
2023-07-21 03:15:00, 3.798
2023-07-21 03:30:00, 3.8200000000000003
2023-07-21 03:45:00, 3.83
2023-07-21 04:00:00, 3.85
2023-07-21 04:15:00, 3.8440000000000003
2023-07-21 04:30:00, 3.851
2023-07-21 04:45:00, 3.853
2023-07-21 05:00:00, 3.8440000000000003
2023-07-21 05:15:00, 3.8360000000000003
2023-07-21 05:30:00, 3.8280000000000003
2023-07-21 05:45:00, 3.8190000000000004
2023-07-21 06:00:00, 3.8030000000000004
2023-07-21 06:15:00, 3.7830000000000004
2023-07-21 06:30:00, 3.7720000000000002
2023-07-21 06:45:00, 3.7510000000000003
2023-07-21 07:00:00, 3.744
2023-07-21 07:15:00, 3.724
2023-07-21 07:30:00, 3.7070000000000003
2023-07-21 07:45:00, 3.692
2023-07-21 08:00:00, 3.677
2023-07-21 08:15:00, 3.66
2023-07-21 08:30:00, 3.6470000000000002
2023-07-21 08:45:00, 3.637
2023-07-21 09:00:00, 3.619
2023-07-21 09:15:00, 3.6060000000000003
2023-07-21 09:30:00, 3.595
2023-07-21 09:45:00, 3.579
2023-07-21 10:00:00, 3.5660000000000003
2023-07-21 10:15:00, 3.544
2023-07-21 10:30:00, 3.5370000000000004
2023-07-21 10:45:00, 3.5210000000000004
2023-07-21 11:00:00, 3.5100000000000002
2023-07-21 11:15:00, 3.4970000000000003
2023-07-21 11:30:00, 3.4810000000000003
2023-07-21 11:45:00, 3.4730000000000003
2023-07-21 12:00:00, 3.468
2023-07-21 12:15:00, 3.4690000000000003
2023-07-21 12:30:00, 3.4890000000000003
2023-07-21 12:45:00, 3.516
2023-07-21 13:00:00, 3.564
2023-07-21 13:15:00, 3.608
2023-07-21 13:30:00, 3.656
2023-07-21 13:45:00, 3.697
2023-07-21 14:00:00, 3.742
2023-07-21 14:15:00, 3.7800000000000002
2023-07-21 14:30:00, 3.817
2023-07-21 14:45:00, 3.854
2023-07-21 15:00:00, 3.8840000000000003
2023-07-21 15:15:00, 3.9210000000000003
2023-07-21 15:30:00, 3.946
2023-07-21 15:45:00, 3.966
2023-07-21 16:00:00, 3.97
2023-07-21 16:15:00, 3.9890000000000003
2023-07-21 16:30:00, 3.998
2023-07-21 16:45:00, 3.999
2023-07-21 17:00:00, 3.988
2023-07-21 17:15:00, 3.978
2023-07-21 17:30:00, 3.967
2023-07-21 17:45:00, 3.9530000000000003
2023-07-21 18:00:00, 3.939
2023-07-21 18:15:00, 3.92
2023-07-21 18:30:00, 3.9
2023-07-21 18:45:00, 3.875
2023-07-21 19:00:00, 3.859
2023-07-21 19:15:00, 3.834
2023-07-21 19:30:00, 3.8190000000000004
2023-07-21 19:45:00, 3.8000000000000003
2023-07-21 20:00:00, 3.785
2023-07-21 20:15:00, 3.7710000000000004
2023-07-21 20:30:00, 3.7550000000000003
2023-07-21 20:45:00, 3.738
2023-07-21 21:00:00, 3.7190000000000003
2023-07-21 21:15:00, 3.7070000000000003
2023-07-21 21:30:00, 3.688
2023-07-21 21:45:00, 3.669
2023-07-21 22:00:00, 3.6540000000000004
2023-07-21 22:15:00, 3.6350000000000002
2023-07-21 22:30:00, 3.62
2023-07-21 22:45:00, 3.6
2023-07-21 23:00:00, 3.5860000000000003
2023-07-21 23:15:00, 3.5660000000000003
2023-07-21 23:30:00, 3.5530000000000004
2023-07-21 23:45:00, 3.5370000000000004
2023-07-22 00:00:00, 3.5220000000000002
2023-07-22 00:15:00, 3.508
2023-07-22 00:30:00, 3.495
2023-07-22 00:45:00, 3.483
2023-07-22 01:00:00, 3.483
2023-07-22 01:15:00, 3.4810000000000003
2023-07-22 01:30:00, 3.495
2023-07-22 01:45:00, 3.5130000000000003
2023-07-22 02:00:00, 3.548
2023-07-22 02:15:00, 3.5820000000000003
2023-07-22 02:30:00, 3.625
2023-07-22 02:45:00, 3.6580000000000004
2023-07-22 03:00:00, 3.688
2023-07-22 03:15:00, 3.7150000000000003
2023-07-22 03:30:00, 3.745
2023-07-22 03:45:00, 3.7680000000000002
2023-07-22 04:00:00, 3.7910000000000004
2023-07-22 04:15:00, 3.8040000000000003
2023-07-22 04:30:00, 3.8150000000000004
2023-07-22 04:45:00, 3.826
2023-07-22 05:00:00, 3.8270000000000004
2023-07-22 05:15:00, 3.829
2023-07-22 05:30:00, 3.8310000000000004
2023-07-22 05:45:00, 3.822
2023-07-22 06:00:00, 3.8150000000000004
2023-07-22 06:15:00, 3.7990000000000004
2023-07-22 06:30:00, 3.7800000000000002
2023-07-22 06:45:00, 3.7710000000000004
2023-07-22 07:00:00, 3.7600000000000002
2023-07-22 07:15:00, 3.7350000000000003
2023-07-22 07:30:00, 3.725
2023-07-22 07:45:00, 3.709
2023-07-22 08:00:00, 3.692
2023-07-22 08:15:00, 3.6790000000000003
2023-07-22 08:30:00, 3.6590000000000003
2023-07-22 08:45:00, 3.648
2023-07-22 09:00:00, 3.632
2023-07-22 09:15:00, 3.613
2023-07-22 09:30:00, 3.607
2023-07-22 09:45:00, 3.593
2023-07-22 10:00:00, 3.5780000000000003
2023-07-22 10:15:00, 3.5610000000000004
2023-07-22 10:30:00, 3.547
2023-07-22 10:45:00, 3.532
2023-07-22 11:00:00, 3.5180000000000002
2023-07-22 11:15:00, 3.5
2023-07-22 11:30:00, 3.49
2023-07-22 11:45:00, 3.4730000000000003
2023-07-22 12:00:00, 3.458
2023-07-22 12:15:00, 3.4490000000000003
2023-07-22 12:30:00, 3.4490000000000003
2023-07-22 12:45:00, 3.443
2023-07-22 13:00:00, 3.454
2023-07-22 13:15:00, 3.474
2023-07-22 13:30:00, 3.5090000000000003
2023-07-22 13:45:00, 3.556
2023-07-22 14:00:00, 3.6
2023-07-22 14:15:00, 3.64
2023-07-22 14:30:00, 3.6780000000000004
2023-07-22 14:45:00, 3.7190000000000003
2023-07-22 15:00:00, 3.754
2023-07-22 15:15:00, 3.794
2023-07-22 15:30:00, 3.8310000000000004
2023-07-22 15:45:00, 3.849
2023-07-22 16:00:00, 3.8720000000000003
2023-07-22 16:15:00, 3.886
2023-07-22 16:30:00, 3.899
2023-07-22 16:45:00, 3.9090000000000003
2023-07-22 17:00:00, 3.9120000000000004
2023-07-22 17:15:00, 3.9120000000000004
2023-07-22 17:30:00, 3.911
2023-07-22 17:45:00, 3.899
2023-07-22 18:00:00, 3.8880000000000003
2023-07-22 18:15:00, 3.873
2023-07-22 18:30:00, 3.855
2023-07-22 18:45:00, 3.838
2023-07-22 19:00:00, 3.821
2023-07-22 19:15:00, 3.7960000000000003
2023-07-22 19:30:00, 3.7830000000000004
2023-07-22 19:45:00, 3.766
2023-07-22 20:00:00, 3.7520000000000002
2023-07-22 20:15:00, 3.732
2023-07-22 20:30:00, 3.716
2023-07-22 20:45:00, 3.702
2023-07-22 21:00:00, 3.6860000000000004
2023-07-22 21:15:00, 3.673
2023-07-22 21:30:00, 3.657
2023-07-22 21:45:00, 3.64
2023-07-22 22:00:00, 3.6220000000000003
2023-07-22 22:15:00, 3.609
2023-07-22 22:30:00, 3.591
2023-07-22 22:45:00, 3.5780000000000003
2023-07-22 23:00:00, 3.56
2023-07-22 23:15:00, 3.5380000000000003
2023-07-22 23:30:00, 3.524
2023-07-22 23:45:00, 3.503
2023-07-23 00:00:00, 3.487
2023-07-23 00:15:00, 3.472
2023-07-23 00:30:00, 3.4570000000000003
2023-07-23 00:45:00, 3.44
2023-07-23 01:00:00, 3.4240000000000004
2023-07-23 01:15:00, 3.4170000000000003
2023-07-23 01:30:00, 3.4090000000000003
2023-07-23 01:45:00, 3.4090000000000003
2023-07-23 02:00:00, 3.419
2023-07-23 02:15:00, 3.438
2023-07-23 02:30:00, 3.472
2023-07-23 02:45:00, 3.5140000000000002
2023-07-23 03:00:00, 3.5420000000000003
2023-07-23 03:15:00, 3.588
2023-07-23 03:30:00, 3.619
2023-07-23 03:45:00, 3.6510000000000002
2023-07-23 04:00:00, 3.681
2023-07-23 04:15:00, 3.7070000000000003
2023-07-23 04:30:00, 3.734
2023-07-23 04:45:00, 3.7510000000000003
2023-07-23 05:00:00, 3.7630000000000003
2023-07-23 05:15:00, 3.769
2023-07-23 05:30:00, 3.7750000000000004
2023-07-23 05:45:00, 3.7760000000000002
2023-07-23 06:00:00, 3.7760000000000002
2023-07-23 06:15:00, 3.7720000000000002
2023-07-23 06:30:00, 3.7560000000000002
2023-07-23 06:45:00, 3.748
2023-07-23 07:00:00, 3.741
2023-07-23 07:15:00, 3.721
2023-07-23 07:30:00, 3.7
2023-07-23 07:45:00, 3.689
2023-07-23 08:00:00, 3.673
2023-07-23 08:15:00, 3.661
2023-07-23 08:30:00, 3.6460000000000004
2023-07-23 08:45:00, 3.625
2023-07-23 09:00:00, 3.612
2023-07-23 09:15:00, 3.599
2023-07-23 09:30:00, 3.587
2023-07-23 09:45:00, 3.5650000000000004
2023-07-23 10:00:00, 3.5530000000000004
2023-07-23 10:15:00, 3.54
2023-07-23 10:30:00, 3.5250000000000004
2023-07-23 10:45:00, 3.512
2023-07-23 11:00:00, 3.49
2023-07-23 11:15:00, 3.471
2023-07-23 11:30:00, 3.46
2023-07-23 11:45:00, 3.442
2023-07-23 12:00:00, 3.426
2023-07-23 12:15:00, 3.415
2023-07-23 12:30:00, 3.399
2023-07-23 12:45:00, 3.391
2023-07-23 13:00:00, 3.374
2023-07-23 13:15:00, 3.37
2023-07-23 13:30:00, 3.369
2023-07-23 13:45:00, 3.373
2023-07-23 14:00:00, 3.3890000000000002
2023-07-23 14:15:00, 3.415
2023-07-23 14:30:00, 3.4530000000000003
2023-07-23 14:45:00, 3.494
2023-07-23 15:00:00, 3.543
2023-07-23 15:15:00, 3.5740000000000003
2023-07-23 15:30:00, 
2023-07-23 15:45:00, 
2023-07-23 16:00:00, 
2023-07-23 16:15:00, 
2023-07-23 16:30:00, 
2023-07-23 16:45:00, 
2023-07-23 17:00:00, 
2023-07-23 17:15:00, 
2023-07-23 17:30:00, 
2023-07-23 17:45:00, 
2023-07-23 18:00:00, 
2023-07-23 18:15:00, 
2023-07-23 18:30:00, 
2023-07-23 18:45:00, 
2023-07-23 19:00:00, 
2023-07-23 19:15:00, 
2023-07-23 19:30:00, 
2023-07-23 19:45:00, 
2023-07-23 20:00:00, 
2023-07-23 20:15:00, 
2023-07-23 20:30:00, 
2023-07-23 20:45:00, 
2023-07-23 21:00:00, 
2023-07-23 21:15:00, 
2023-07-23 21:30:00, 
2023-07-23 21:45:00, 
2023-07-23 22:00:00, 
2023-07-23 22:15:00, 
2023-07-23 22:30:00, 
2023-07-23 22:45:00, 
2023-07-23 23:00:00, 
2023-07-23 23:15:00, 
2023-07-23 23:30:00, 
2023-07-23 23:45:00, 
2023-07-24 00:00:00, 
2023-07-24 00:15:00, 
2023-07-24 00:30:00, 
2023-07-24 00:45:00, 
2023-07-24 01:00:00, 
2023-07-24 01:15:00, 
2023-07-24 01:30:00, 
2023-07-24 01:45:00, 
2023-07-24 02:00:00, 
2023-07-24 02:15:00, 
2023-07-24 02:30:00, 
2023-07-24 02:45:00, 
2023-07-24 03:00:00, 
2023-07-24 03:15:00, 
2023-07-24 03:30:00, 
2023-07-24 03:45:00, 
2023-07-24 04:00:00, 
2023-07-24 04:15:00, 
2023-07-24 04:30:00, 
2023-07-24 04:45:00, 
2023-07-24 05:00:00, 
2023-07-24 05:15:00, 
2023-07-24 05:30:00, 
2023-07-24 05:45:00, 
2023-07-24 06:00:00, 
2023-07-24 06:15:00, 
2023-07-24 06:30:00, 
2023-07-24 06:45:00, 
2023-07-24 07:00:00, 
2023-07-24 07:15:00, 
2023-07-24 07:30:00, 
2023-07-24 07:45:00, 
2023-07-24 08:00:00, 
2023-07-24 08:15:00, 
2023-07-24 08:30:00, 
2023-07-24 08:45:00, 
2023-07-24 09:00:00, 
2023-07-24 09:15:00, 
2023-07-24 09:30:00, 
2023-07-24 09:45:00, 
2023-07-24 10:00:00, 
2023-07-24 10:15:00, 
2023-07-24 10:30:00, 
2023-07-24 10:45:00, 
2023-07-24 11:00:00, 
2023-07-24 11:15:00, 
2023-07-24 11:30:00, 
2023-07-24 11:45:00, 
2023-07-24 12:00:00, 
2023-07-24 12:15:00, 
2023-07-24 12:30:00, 
2023-07-24 12:45:00, 
2023-07-24 13:00:00, 
2023-07-24 13:15:00, 
2023-07-24 13:30:00, 
2023-07-24 13:45:00, 
2023-07-24 14:00:00, 
2023-07-24 14:15:00, 
2023-07-24 14:30:00, 
2023-07-24 14:45:00, 
2023-07-24 15:00:00, 
2023-07-24 15:15:00, 
2023-07-24 15:30:00, 
2023-07-24 15:45:00, 
2023-07-24 16:00:00, 
2023-07-24 16:15:00, 
2023-07-24 16:30:00, 
2023-07-24 16:45:00, 
2023-07-24 17:00:00, 
2023-07-24 17:15:00, 
2023-07-24 17:30:00, 
2023-07-24 17:45:00, 
2023-07-24 18:00:00, 
2023-07-24 18:15:00, 
2023-07-24 18:30:00, 
2023-07-24 18:45:00, 
2023-07-24 19:00:00, 
2023-07-24 19:15:00, 
2023-07-24 19:30:00, 
2023-07-24 19:45:00, 
2023-07-24 20:00:00, 
2023-07-24 20:15:00, 
2023-07-24 20:30:00, 
2023-07-24 20:45:00, 
2023-07-24 21:00:00, 
2023-07-24 21:15:00, 
2023-07-24 21:30:00, 
2023-07-24 21:45:00, 
2023-07-24 22:00:00, 
2023-07-24 22:15:00, 
2023-07-24 22:30:00, 
2023-07-24 22:45:00, 
2023-07-24 23:00:00, 
2023-07-24 23:15:00, 
2023-07-24 23:30:00, 
2023-07-24 23:45:00, 
2023-07-25 00:00:00, 
2023-07-25 00:15:00, 
2023-07-25 00:30:00, 
2023-07-25 00:45:00, 
2023-07-25 01:00:00, 
2023-07-25 01:15:00, 
2023-07-25 01:30:00, 
2023-07-25 01:45:00, 
2023-07-25 02:00:00, 
2023-07-25 02:15:00, 
2023-07-25 02:30:00, 
2023-07-25 02:45:00, 
2023-07-25 03:00:00, 
2023-07-25 03:15:00, 
2023-07-25 03:30:00, 
2023-07-25 03:45:00, 
2023-07-25 04:00:00, 
2023-07-25 04:15:00, 
2023-07-25 04:30:00, 
2023-07-25 04:45:00, 
2023-07-25 05:00:00, 
2023-07-25 05:15:00, 
2023-07-25 05:30:00, 
2023-07-25 05:45:00, 
2023-07-25 06:00:00, 
2023-07-25 06:15:00, 
2023-07-25 06:30:00, 
2023-07-25 06:45:00, 
2023-07-25 07:00:00, 
2023-07-25 07:15:00, 
2023-07-25 07:30:00, 
2023-07-25 07:45:00, 
2023-07-25 08:00:00, 
2023-07-25 08:15:00, 
2023-07-25 08:30:00, 
2023-07-25 08:45:00, 
2023-07-25 09:00:00, 
2023-07-25 09:15:00, 
2023-07-25 09:30:00, 
2023-07-25 09:45:00, 
2023-07-25 10:00:00, 3.463
2023-07-25 10:15:00, 3.4490000000000003
2023-07-25 10:30:00, 3.435
2023-07-25 10:45:00, 3.423
2023-07-25 11:00:00, 3.4080000000000004
2023-07-25 11:15:00, 3.399
2023-07-25 11:30:00, 3.383
2023-07-25 11:45:00, 3.371
2023-07-25 12:00:00, 3.362
2023-07-25 12:15:00, 3.3440000000000003
2023-07-25 12:30:00, 3.329
2023-07-25 12:45:00, 3.313
2023-07-25 13:00:00, 3.2990000000000004
2023-07-25 13:15:00, 3.2950000000000004
2023-07-25 13:30:00, 3.278
2023-07-25 13:45:00, 3.2600000000000002
2023-07-25 14:00:00, 3.253
2023-07-25 14:15:00, 3.245
2023-07-25 14:30:00, 3.242
2023-07-25 14:45:00, 3.241
2023-07-25 15:00:00, 3.257
2023-07-25 15:15:00, 3.274
2023-07-25 15:30:00, 3.305
2023-07-25 15:45:00, 3.338
2023-07-25 16:00:00, 3.3720000000000003
2023-07-25 16:15:00, 3.411
2023-07-25 16:30:00, 3.444
2023-07-25 16:45:00, 3.475
2023-07-25 17:00:00, 3.5140000000000002
2023-07-25 17:15:00, 3.5420000000000003
2023-07-25 17:30:00, 3.573
2023-07-25 17:45:00, 3.589
2023-07-25 18:00:00, 3.611
2023-07-25 18:15:00, 3.625
2023-07-25 18:30:00, 3.6420000000000003
2023-07-25 18:45:00, 3.641
2023-07-25 19:00:00, 3.644
2023-07-25 19:15:00, 3.6390000000000002
2023-07-25 19:30:00, 3.637
2023-07-25 19:45:00, 
2023-07-25 20:00:00, 
2023-07-25 20:15:00, 
2023-07-25 20:30:00, 
2023-07-25 20:45:00, 
2023-07-25 21:00:00, 
2023-07-25 21:15:00, 
2023-07-25 21:30:00, 
2023-07-25 21:45:00, 
2023-07-25 22:00:00, 
2023-07-25 22:15:00, 
2023-07-25 22:30:00, 
2023-07-25 22:45:00, 
2023-07-25 23:00:00, 
2023-07-25 23:15:00, 
2023-07-25 23:30:00, 
2023-07-25 23:45:00, 3.3840000000000003
2023-07-26 00:00:00, 
2023-07-26 00:15:00, 
2023-07-26 00:30:00, 3.325
2023-07-26 00:45:00, 
2023-07-26 01:00:00, 
2023-07-26 01:15:00, 3.274
2023-07-26 01:30:00, 
2023-07-26 01:45:00, 
2023-07-26 02:00:00, 3.226
2023-07-26 02:15:00, 
2023-07-26 02:30:00, 
2023-07-26 02:45:00, 
2023-07-26 03:00:00, 3.189
2023-07-26 03:15:00, 
2023-07-26 03:30:00, 
2023-07-26 03:45:00, 
2023-07-26 04:00:00, 3.232
2023-07-26 04:15:00, 3.2790000000000004
2023-07-26 04:30:00, 
2023-07-26 04:45:00, 
2023-07-26 05:00:00, 
2023-07-26 05:15:00, 
2023-07-26 05:30:00, 3.478
2023-07-26 05:45:00, 
2023-07-26 06:00:00, 3.54
2023-07-26 06:15:00, 3.5700000000000003
2023-07-26 06:30:00, 3.5860000000000003
2023-07-26 06:45:00, 3.608
2023-07-26 07:00:00, 3.6310000000000002
2023-07-26 07:15:00, 3.6430000000000002
2023-07-26 07:30:00, 5.453
2023-07-26 07:45:00, 5.4910000000000005
2023-07-26 08:00:00, 3.644
2023-07-26 08:15:00, 3.6420000000000003
2023-07-26 08:30:00, 3.6340000000000003
2023-07-26 08:45:00, 3.6180000000000003
2023-07-26 09:00:00, 3.607
2023-07-26 09:15:00, 3.59
2023-07-26 09:30:00, 3.5780000000000003
2023-07-26 09:45:00, 3.5570000000000004
2023-07-26 10:00:00, 3.54
2023-07-26 10:15:00, 3.5260000000000002
2023-07-26 10:30:00, 3.5050000000000003
2023-07-26 10:45:00, 3.4970000000000003
2023-07-26 11:00:00, 3.4770000000000003
2023-07-26 11:15:00, 3.468
2023-07-26 11:30:00, 3.4450000000000003
2023-07-26 11:45:00, 3.436
2023-07-26 12:00:00, 3.419
2023-07-26 12:15:00, 3.399
2023-07-26 12:30:00, 3.3880000000000003
2023-07-26 12:45:00, 3.375
2023-07-26 13:00:00, 3.363
2023-07-26 13:15:00, 3.349
2023-07-26 13:30:00, 3.331
2023-07-26 13:45:00, 3.317
2023-07-26 14:00:00, 3.307
2023-07-26 14:15:00, 3.2910000000000004
2023-07-26 14:30:00, 3.2870000000000004
2023-07-26 14:45:00, 3.2640000000000002
2023-07-26 15:00:00, 3.257
2023-07-26 15:15:00, 3.245
2023-07-26 15:30:00, 3.2430000000000003
2023-07-26 15:45:00, 3.241
2023-07-26 16:00:00, 3.249
2023-07-26 16:15:00, 3.2550000000000003
2023-07-26 16:30:00, 3.2760000000000002
2023-07-26 16:45:00, 3.306
2023-07-26 17:00:00, 3.338
2023-07-26 17:15:00, 3.369
2023-07-26 17:30:00, 3.4
2023-07-26 17:45:00, 3.436
2023-07-26 18:00:00, 3.463
2023-07-26 18:15:00, 3.483
2023-07-26 18:30:00, 3.498
2023-07-26 18:45:00, 3.519
2023-07-26 19:00:00, 3.5330000000000004
2023-07-26 19:15:00, 3.5490000000000004
2023-07-26 19:30:00, 3.5530000000000004
2023-07-26 19:45:00, 3.552
2023-07-26 20:00:00, 3.5580000000000003
2023-07-26 20:15:00, 3.552
2023-07-26 20:30:00, 3.543
2023-07-26 20:45:00, 3.536
2023-07-26 21:00:00, 3.5260000000000002
2023-07-26 21:15:00, 3.52
2023-07-26 21:30:00, 3.5100000000000002
2023-07-26 21:45:00, 3.496
2023-07-26 22:00:00, 3.476
2023-07-26 22:15:00, 3.464
2023-07-26 22:30:00, 3.455
2023-07-26 22:45:00, 3.4490000000000003
2023-07-26 23:00:00, 3.4370000000000003
2023-07-26 23:15:00, 3.4120000000000004
2023-07-26 23:30:00, 3.4040000000000004
2023-07-26 23:45:00, 3.387
2023-07-27 00:00:00, 3.365
2023-07-27 00:15:00, 3.349
2023-07-27 00:30:00, 3.335
2023-07-27 00:45:00, 3.311
2023-07-27 01:00:00, 3.2990000000000004
2023-07-27 01:15:00, 3.2760000000000002
2023-07-27 01:30:00, 3.2680000000000002
2023-07-27 01:45:00, 3.248
2023-07-27 02:00:00, 3.23
2023-07-27 02:15:00, 3.209
2023-07-27 02:30:00, 3.1990000000000003
2023-07-27 02:45:00, 3.184
2023-07-27 03:00:00, 3.17
2023-07-27 03:15:00, 3.152
2023-07-27 03:30:00, 3.148
2023-07-27 03:45:00, 3.136
2023-07-27 04:00:00, 3.129
2023-07-27 04:15:00, 3.1270000000000002
2023-07-27 04:30:00, 3.1340000000000003
2023-07-27 04:45:00, 3.145
2023-07-27 05:00:00, 3.156
2023-07-27 05:15:00, 3.197
2023-07-27 05:30:00, 3.232
2023-07-27 05:45:00, 3.2790000000000004
2023-07-27 06:00:00, 3.321
2023-07-27 06:15:00, 3.351
2023-07-27 06:30:00, 3.382
2023-07-27 06:45:00, 3.423
2023-07-27 07:00:00, 3.454
2023-07-27 07:15:00, 3.483
2023-07-27 07:30:00, 3.508
2023-07-27 07:45:00, 3.523
2023-07-27 08:00:00, 3.5340000000000003
2023-07-27 08:15:00, 3.544
2023-07-27 08:30:00, 3.5540000000000003
2023-07-27 08:45:00, 3.5570000000000004
2023-07-27 09:00:00, 3.5610000000000004
2023-07-27 09:15:00, 3.5660000000000003
2023-07-27 09:30:00, 3.552
2023-07-27 09:45:00, 3.544
2023-07-27 10:00:00, 3.5250000000000004
2023-07-27 10:15:00, 3.5250000000000004
2023-07-27 10:30:00, 3.5
2023-07-27 10:45:00, 3.4850000000000003
2023-07-27 11:00:00, 3.475
2023-07-27 11:15:00, 3.454
2023-07-27 11:30:00, 3.448
2023-07-27 11:45:00, 3.431
2023-07-27 12:00:00, 3.411
2023-07-27 12:15:00, 3.4040000000000004
2023-07-27 12:30:00, 3.3930000000000002
2023-07-27 12:45:00, 3.3720000000000003
2023-07-27 13:00:00, 3.359
2023-07-27 13:15:00, 3.343
2023-07-27 13:30:00, 3.33
2023-07-27 13:45:00, 3.307
2023-07-27 14:00:00, 3.2950000000000004
2023-07-27 14:15:00, 3.2670000000000003
2023-07-27 14:30:00, 3.265
2023-07-27 14:45:00, 3.24
2023-07-27 15:00:00, 3.228
2023-07-27 15:15:00, 3.212
2023-07-27 15:30:00, 3.2
2023-07-27 15:45:00, 3.188
2023-07-27 16:00:00, 3.173
2023-07-27 16:15:00, 3.1620000000000004
2023-07-27 16:30:00, 3.148
2023-07-27 16:45:00, 3.1390000000000002
2023-07-27 17:00:00, 3.1380000000000003
2023-07-27 17:15:00, 3.1390000000000002
2023-07-27 17:30:00, 3.14
2023-07-27 17:45:00, 3.1460000000000004
2023-07-27 18:00:00, 3.1580000000000004
2023-07-27 18:15:00, 3.173
2023-07-27 18:30:00, 3.194
2023-07-27 18:45:00, 3.2190000000000003
2023-07-27 19:00:00, 3.249
2023-07-27 19:15:00, 3.274
2023-07-27 19:30:00, 3.2960000000000003
2023-07-27 19:45:00, 3.3200000000000003
2023-07-27 20:00:00, 3.339
2023-07-27 20:15:00, 3.358
2023-07-27 20:30:00, 3.366
2023-07-27 20:45:00, 3.3760000000000003
2023-07-27 21:00:00, 3.382
2023-07-27 21:15:00, 3.38
2023-07-27 21:30:00, 3.3840000000000003
2023-07-27 21:45:00, 3.3810000000000002
2023-07-27 22:00:00, 3.37
2023-07-27 22:15:00, 3.365
2023-07-27 22:30:00, 3.358
2023-07-27 22:45:00, 3.35
2023-07-27 23:00:00, 3.3360000000000003
2023-07-27 23:15:00, 3.323
2023-07-27 23:30:00, 3.313
2023-07-27 23:45:00, 3.302
2023-07-28 00:00:00, 3.294
2023-07-28 00:15:00, 3.281
2023-07-28 00:30:00, 3.2680000000000002
2023-07-28 00:45:00, 3.2550000000000003
2023-07-28 01:00:00, 3.2430000000000003
2023-07-28 01:15:00, 3.233
2023-07-28 01:30:00, 3.213
2023-07-28 01:45:00, 3.1990000000000003
2023-07-28 02:00:00, 3.178
2023-07-28 02:15:00, 3.165
2023-07-28 02:30:00, 3.145
2023-07-28 02:45:00, 3.132
2023-07-28 03:00:00, 3.111
2023-07-28 03:15:00, 3.099
2023-07-28 03:30:00, 3.075
2023-07-28 03:45:00, 3.067
2023-07-28 04:00:00, 3.052
2023-07-28 04:15:00, 3.0460000000000003
2023-07-28 04:30:00, 3.0260000000000002
2023-07-28 04:45:00, 3.0170000000000003
2023-07-28 05:00:00, 3.011
2023-07-28 05:15:00, 3.008
2023-07-28 05:30:00, 3.007
2023-07-28 05:45:00, 3.011
2023-07-28 06:00:00, 3.027
2023-07-28 06:15:00, 3.04
2023-07-28 06:30:00, 3.081
2023-07-28 06:45:00, 3.108
2023-07-28 07:00:00, 3.1470000000000002
2023-07-28 07:15:00, 3.184
2023-07-28 07:30:00, 3.225
2023-07-28 07:45:00, 3.2600000000000002
2023-07-28 08:00:00, 3.305
2023-07-28 08:15:00, 3.334
2023-07-28 08:30:00, 3.359
2023-07-28 08:45:00, 3.3920000000000003
2023-07-28 09:00:00, 3.4080000000000004
2023-07-28 09:15:00, 3.4210000000000003
2023-07-28 09:30:00, 3.4320000000000004
2023-07-28 09:45:00, 3.451
2023-07-28 10:00:00, 3.448
2023-07-28 10:15:00, 3.456
2023-07-28 10:30:00, 3.444
2023-07-28 10:45:00, 3.44
2023-07-28 11:00:00, 3.431
2023-07-28 11:15:00, 3.4210000000000003
2023-07-28 11:30:00, 3.4120000000000004
2023-07-28 11:45:00, 3.403
2023-07-28 12:00:00, 3.3850000000000002
2023-07-28 12:15:00, 3.3770000000000002
2023-07-28 12:30:00, 3.365
2023-07-28 12:45:00, 3.351
2023-07-28 13:00:00, 3.341
2023-07-28 13:15:00, 3.3280000000000003
2023-07-28 13:30:00, 3.318
2023-07-28 13:45:00, 3.301
2023-07-28 14:00:00, 3.2910000000000004
2023-07-28 14:15:00, 3.273
2023-07-28 14:30:00, 3.261
2023-07-28 14:45:00, 3.246
2023-07-28 15:00:00, 3.229
2023-07-28 15:15:00, 3.21
2023-07-28 15:30:00, 3.1990000000000003
2023-07-28 15:45:00, 3.1830000000000003
2023-07-28 16:00:00, 3.165
2023-07-28 16:15:00, 3.148
2023-07-28 16:30:00, 3.1310000000000002
2023-07-28 16:45:00, 3.115
2023-07-28 17:00:00, 3.103
2023-07-28 17:15:00, 3.092
2023-07-28 17:30:00, 3.0820000000000003
2023-07-28 17:45:00, 3.068
2023-07-28 18:00:00, 3.063
2023-07-28 18:15:00, 3.056
2023-07-28 18:30:00, 3.052
2023-07-28 18:45:00, 3.048
2023-07-28 19:00:00, 3.0500000000000003
2023-07-28 19:15:00, 3.061
2023-07-28 19:30:00, 3.081
2023-07-28 19:45:00, 3.099
2023-07-28 20:00:00, 3.1270000000000002
2023-07-28 20:15:00, 3.16
2023-07-28 20:30:00, 3.1830000000000003
2023-07-28 20:45:00, 3.222
2023-07-28 21:00:00, 3.238
2023-07-28 21:15:00, 3.2590000000000003
2023-07-28 21:30:00, 3.281
2023-07-28 21:45:00, 3.29
2023-07-28 22:00:00, 3.305
2023-07-28 22:15:00, 3.309
2023-07-28 22:30:00, 3.318
2023-07-28 22:45:00, 3.318
2023-07-28 23:00:00, 3.317
2023-07-28 23:15:00, 3.3240000000000003
2023-07-28 23:30:00, 3.311
2023-07-28 23:45:00, 3.306
2023-07-29 00:00:00, 3.297
2023-07-29 00:15:00, 3.2880000000000003
2023-07-29 00:30:00, 3.2790000000000004
2023-07-29 00:45:00, 3.2710000000000004
2023-07-29 01:00:00, 3.257
2023-07-29 01:15:00, 3.24
2023-07-29 01:30:00, 3.224
2023-07-29 01:45:00, 3.212
2023-07-29 02:00:00, 3.2
2023-07-29 02:15:00, 3.18
2023-07-29 02:30:00, 3.1630000000000003
2023-07-29 02:45:00, 3.1460000000000004
2023-07-29 03:00:00, 3.132
2023-07-29 03:15:00, 3.113
2023-07-29 03:30:00, 3.0980000000000003
2023-07-29 03:45:00, 3.084
2023-07-29 04:00:00, 3.071
2023-07-29 04:15:00, 3.052
2023-07-29 04:30:00, 3.0380000000000003
2023-07-29 04:45:00, 3.02
2023-07-29 05:00:00, 3.0060000000000002
2023-07-29 05:15:00, 2.987
2023-07-29 05:30:00, 2.978
2023-07-29 05:45:00, 2.962
2023-07-29 06:00:00, 2.955
2023-07-29 06:15:00, 2.95
2023-07-29 06:30:00, 2.942
2023-07-29 06:45:00, 2.946
2023-07-29 07:00:00, 2.954
2023-07-29 07:15:00, 2.962
2023-07-29 07:30:00, 2.987
2023-07-29 07:45:00, 3.02
2023-07-29 08:00:00, 3.0740000000000003
2023-07-29 08:15:00, 3.119
2023-07-29 08:30:00, 3.164
2023-07-29 08:45:00, 3.208
2023-07-29 09:00:00, 3.253
2023-07-29 09:15:00, 3.29
2023-07-29 09:30:00, 3.3160000000000003
2023-07-29 09:45:00, 3.353
2023-07-29 10:00:00, 3.38
2023-07-29 10:15:00, 3.407
2023-07-29 10:30:00, 3.4250000000000003
2023-07-29 10:45:00, 3.4410000000000003
2023-07-29 11:00:00, 3.452
2023-07-29 11:15:00, 3.447
2023-07-29 11:30:00, 3.458
2023-07-29 11:45:00, 3.4530000000000003
2023-07-29 12:00:00, 3.455
2023-07-29 12:15:00, 3.442
2023-07-29 12:30:00, 3.431
2023-07-29 12:45:00, 3.4170000000000003
2023-07-29 13:00:00, 3.4040000000000004
2023-07-29 13:15:00, 3.387
2023-07-29 13:30:00, 3.366
2023-07-29 13:45:00, 3.359
2023-07-29 14:00:00, 3.3440000000000003
2023-07-29 14:15:00, 3.333
2023-07-29 14:30:00, 3.307
2023-07-29 14:45:00, 3.297
2023-07-29 15:00:00, 3.2830000000000004
2023-07-29 15:15:00, 3.265
2023-07-29 15:30:00, 3.2510000000000003
2023-07-29 15:45:00, 3.23
2023-07-29 16:00:00, 3.22
2023-07-29 16:15:00, 3.1990000000000003
2023-07-29 16:30:00, 3.1830000000000003
2023-07-29 16:45:00, 3.1660000000000004
2023-07-29 17:00:00, 3.145
2023-07-29 17:15:00, 3.129
2023-07-29 17:30:00, 3.111
2023-07-29 17:45:00, 3.0980000000000003
2023-07-29 18:00:00, 3.083
2023-07-29 18:15:00, 3.071
2023-07-29 18:30:00, 3.057
2023-07-29 18:45:00, 3.043
2023-07-29 19:00:00, 3.0260000000000002
2023-07-29 19:15:00, 3.0130000000000003
2023-07-29 19:30:00, 3.004
2023-07-29 19:45:00, 3
2023-07-29 20:00:00, 2.996
2023-07-29 20:15:00, 2.9930000000000003
2023-07-29 20:30:00, 3.004
2023-07-29 20:45:00, 3.0100000000000002
2023-07-29 21:00:00, 3.036
2023-07-29 21:15:00, 3.068
2023-07-29 21:30:00, 3.104
2023-07-29 21:45:00, 3.132
2023-07-29 22:00:00, 3.1630000000000003
2023-07-29 22:15:00, 3.193
2023-07-29 22:30:00, 3.2190000000000003
2023-07-29 22:45:00, 3.2470000000000003
2023-07-29 23:00:00, 3.2640000000000002
2023-07-29 23:15:00, 3.281
2023-07-29 23:30:00, 3.29
2023-07-29 23:45:00, 3.298
2023-07-30 00:00:00, 3.3030000000000004
2023-07-30 00:15:00, 3.302
2023-07-30 00:30:00, 3.2990000000000004
2023-07-30 00:45:00, 3.293
2023-07-30 01:00:00, 3.2830000000000004
2023-07-30 01:15:00, 3.2720000000000002
2023-07-30 01:30:00, 3.2640000000000002
2023-07-30 01:45:00, 3.25
2023-07-30 02:00:00, 3.241
2023-07-30 02:15:00, 3.225
2023-07-30 02:30:00, 3.2110000000000003
2023-07-30 02:45:00, 3.2
2023-07-30 03:00:00, 3.19
2023-07-30 03:15:00, 3.177
2023-07-30 03:30:00, 3.1630000000000003
2023-07-30 03:45:00, 3.145
2023-07-30 04:00:00, 3.129
2023-07-30 04:15:00, 3.116
2023-07-30 04:30:00, 3.0980000000000003
2023-07-30 04:45:00, 3.08
2023-07-30 05:00:00, 3.065
2023-07-30 05:15:00, 3.0500000000000003
2023-07-30 05:30:00, 3.0340000000000003
2023-07-30 05:45:00, 3.0130000000000003
2023-07-30 06:00:00, 3
2023-07-30 06:15:00, 2.986
2023-07-30 06:30:00, 2.9690000000000003
2023-07-30 06:45:00, 2.9530000000000003
2023-07-30 07:00:00, 2.946
2023-07-30 07:15:00, 2.924
2023-07-30 07:30:00, 2.92
2023-07-30 07:45:00, 2.919
2023-07-30 08:00:00, 2.92
2023-07-30 08:15:00, 2.928
2023-07-30 08:30:00, 2.952
2023-07-30 08:45:00, 2.9890000000000003
2023-07-30 09:00:00, 3.036
2023-07-30 09:15:00, 3.092
2023-07-30 09:30:00, 3.1420000000000003
2023-07-30 09:45:00, 3.1910000000000003
2023-07-30 10:00:00, 3.2430000000000003
2023-07-30 10:15:00, 3.2910000000000004
2023-07-30 10:30:00, 3.3320000000000003
2023-07-30 10:45:00, 3.371
2023-07-30 11:00:00, 3.402
2023-07-30 11:15:00, 3.4330000000000003
2023-07-30 11:30:00, 3.456
2023-07-30 11:45:00, 3.468
2023-07-30 12:00:00, 3.474
2023-07-30 12:15:00, 3.484
2023-07-30 12:30:00, 3.49
2023-07-30 12:45:00, 3.491
2023-07-30 13:00:00, 3.474
2023-07-30 13:15:00, 3.466
2023-07-30 13:30:00, 3.451
2023-07-30 13:45:00, 3.4370000000000003
2023-07-30 14:00:00, 3.4160000000000004
2023-07-30 14:15:00, 3.399
2023-07-30 14:30:00, 3.375
2023-07-30 14:45:00, 3.361
2023-07-30 15:00:00, 3.339
2023-07-30 15:15:00, 3.3240000000000003
2023-07-30 15:30:00, 3.3080000000000003
2023-07-30 15:45:00, 3.2920000000000003
2023-07-30 16:00:00, 3.2830000000000004
2023-07-30 16:15:00, 3.2670000000000003
2023-07-30 16:30:00, 3.241
2023-07-30 16:45:00, 3.233
2023-07-30 17:00:00, 3.2150000000000003
2023-07-30 17:15:00, 3.1990000000000003
2023-07-30 17:30:00, 3.181
2023-07-30 17:45:00, 3.1630000000000003
2023-07-30 18:00:00, 3.145
2023-07-30 18:15:00, 3.1260000000000003
2023-07-30 18:30:00, 3.111
2023-07-30 18:45:00, 3.092
2023-07-30 19:00:00, 3.0740000000000003
2023-07-30 19:15:00, 3.056
2023-07-30 19:30:00, 3.039
2023-07-30 19:45:00, 3.024
2023-07-30 20:00:00, 3.004
2023-07-30 20:15:00, 2.983
2023-07-30 20:30:00, 2.9770000000000003
2023-07-30 20:45:00, 2.967
2023-07-30 21:00:00, 2.966
2023-07-30 21:15:00, 2.963
2023-07-30 21:30:00, 2.968
2023-07-30 21:45:00, 2.987
2023-07-30 22:00:00, 3.015
2023-07-30 22:15:00, 3.052
2023-07-30 22:30:00, 3.096
2023-07-30 22:45:00, 3.1390000000000002
2023-07-30 23:00:00, 3.181
2023-07-30 23:15:00, 3.2150000000000003
2023-07-30 23:30:00, 3.246
2023-07-30 23:45:00, 3.2710000000000004
2023-07-31 00:00:00, 3.2960000000000003
2023-07-31 00:15:00, 3.3030000000000004
2023-07-31 00:30:00, 3.323
2023-07-31 00:45:00, 3.326
2023-07-31 01:00:00, 3.334
2023-07-31 01:15:00, 3.3320000000000003
2023-07-31 01:30:00, 3.325
2023-07-31 01:45:00, 3.325
2023-07-31 02:00:00, 3.3160000000000003
2023-07-31 02:15:00, 3.2960000000000003
2023-07-31 02:30:00, 3.2800000000000002
2023-07-31 02:45:00, 3.2710000000000004
2023-07-31 03:00:00, 3.2560000000000002
2023-07-31 03:15:00, 3.2430000000000003
2023-07-31 03:30:00, 3.22
2023-07-31 03:45:00, 3.202
2023-07-31 04:00:00, 3.19
2023-07-31 04:15:00, 3.176
2023-07-31 04:30:00, 3.1540000000000004
2023-07-31 04:45:00, 3.1420000000000003
2023-07-31 05:00:00, 3.125
2023-07-31 05:15:00, 3.105
2023-07-31 05:30:00, 3.091
2023-07-31 05:45:00, 3.0700000000000003
2023-07-31 06:00:00, 3.055
2023-07-31 06:15:00, 3.036
2023-07-31 06:30:00, 3.02
2023-07-31 06:45:00, 3.0010000000000003
2023-07-31 07:00:00, 2.98
2023-07-31 07:15:00, 2.962
2023-07-31 07:30:00, 2.946
2023-07-31 07:45:00, 2.931
2023-07-31 08:00:00, 2.915
2023-07-31 08:15:00, 2.9040000000000004
2023-07-31 08:30:00, 2.8970000000000002
2023-07-31 08:45:00, 2.886
2023-07-31 09:00:00, 2.891
2023-07-31 09:15:00, 2.906
2023-07-31 09:30:00, 2.95
2023-07-31 09:45:00, 3.0020000000000002
2023-07-31 10:00:00, 3.075
2023-07-31 10:15:00, 3.1460000000000004
2023-07-31 10:30:00, 3.197
2023-07-31 10:45:00, 3.2550000000000003
2023-07-31 11:00:00, 3.302
2023-07-31 11:15:00, 3.355
2023-07-31 11:30:00, 3.3920000000000003
2023-07-31 11:45:00, 3.431
2023-07-31 12:00:00, 3.466
2023-07-31 12:15:00, 3.5
2023-07-31 12:30:00, 3.524
2023-07-31 12:45:00, 3.536
2023-07-31 13:00:00, 3.5450000000000004
2023-07-31 13:15:00, 3.548
2023-07-31 13:30:00, 3.555
2023-07-31 13:45:00, 3.551
2023-07-31 14:00:00, 3.544
2023-07-31 14:15:00, 3.528
2023-07-31 14:30:00, 3.515
2023-07-31 14:45:00, 3.5
2023-07-31 15:00:00, 3.5
2023-07-31 15:15:00, 3.4650000000000003
2023-07-31 15:30:00, 3.454
2023-07-31 15:45:00, 3.43
2023-07-31 16:00:00, 3.406
2023-07-31 16:15:00, 3.386
2023-07-31 16:30:00, 3.365
2023-07-31 16:45:00, 3.345
2023-07-31 17:00:00, 3.326
2023-07-31 17:15:00, 3.3030000000000004
2023-07-31 17:30:00, 3.282
2023-07-31 17:45:00, 3.258
2023-07-31 18:00:00, 3.2350000000000003
2023-07-31 18:15:00, 3.22
2023-07-31 18:30:00, 3.204
2023-07-31 18:45:00, 3.189
2023-07-31 19:00:00, 3.1670000000000003
2023-07-31 19:15:00, 3.1470000000000002
2023-07-31 19:30:00, 3.129
2023-07-31 19:45:00, 3.11
2023-07-31 20:00:00, 3.092
2023-07-31 20:15:00, 3.0740000000000003
2023-07-31 20:30:00, 3.051
2023-07-31 20:45:00, 3.0370000000000004
2023-07-31 21:00:00, 3.024
2023-07-31 21:15:00, 3.0090000000000003
2023-07-31 21:30:00, 3.0020000000000002
2023-07-31 21:45:00, 2.998
2023-07-31 22:00:00, 3.0050000000000003
2023-07-31 22:15:00, 3.0220000000000002
2023-07-31 22:30:00, 3.0580000000000003
2023-07-31 22:45:00, 3.097
2023-07-31 23:00:00, 3.148
2023-07-31 23:15:00, 3.193
2023-07-31 23:30:00, 3.234
2023-07-31 23:45:00, 3.2840000000000003
2023-07-31 23:59:59, 
